model_name,sample_index,error_label,human_error_label,Review_Notes,reference,prediction,dialogue,rouge1,rouge2,rougeL,bs_f1_raw,informativeness,clarity,plausibility,faithfulness,Length Ratio
aya-expanse:8b,0,NO-ERROR,NO-ERROR,The summary accurately reflects the dialogue's key facts and relations.,佩顿给麦克斯提供了卖衣服的网站。他喜欢浏览、试穿衣服，但不一定都会买。他经常买衣服和书，因为他也喜欢阅读。,"麦克斯问派顿是否知道哪里可以买到好衣服。派顿列出了几个网站，但表示通常会从两个或三个网站购买，因为每个网站都有不同的商品。麦克斯表示会查看这些网站。
 

 派顿坦言对购物既喜欢又不喜欢。她喜欢浏览、试穿和看镜子，但并不总是买。麦克斯好奇为什么，派顿开玩笑说如果她买了所有喜欢的东西，就没什么可生活了。
 

 派顿通常会购买衣服和书籍。她热爱阅读，喜欢读各种各样的书。","Max: Know any good sites to buy clothes from?
 Payton: Sure :) <file_other> <file_other> <file_other> <file_other> <file_other> <file_other> <file_other>
 Max: That's a lot of them!
 Payton: Yeah, but they have different things so I usually buy things from 2 or 3 of them.
 Max: I'll check them out. Thanks. 
 Payton: No problem :)
 Max: How about u?
 Payton: What about me?
 Max: Do u like shopping?
 Payton: Yes and no.
 Max: How come?
 Payton: I like browsing, trying on, looking in the mirror and seeing how I look, but not always buying.
 Max: Y not?
 Payton: Isn't it obvious? ;)
 Max: Sry ;)
 Payton: If I bought everything I liked, I'd have nothing left to live on ;)
 Max: Same here, but probably different category ;)
 Payton: Lol
 Max: So what do u usually buy?
 Payton: Well, I have 2 things I must struggle to resist!
 Max: Which are?
 Payton: Clothes, ofc ;)
 Max: Right. And the second one?
 Payton: Books. I absolutely love reading!
 Max: Gr8! What books do u read?
 Payton: Everything I can get my hands on :)
 Max: Srsly?
 Payton: Yup :)",34.72,12.68,26.39,72.35,3.120808363,3.776155710,3.844904661,2.919892311,3.301887
aya-expanse:8b,1,H-CIRC,H-CIRC,"It reverses the quantity relation, saying there are more residents than figures.",凯利很害怕芬兰雕塑花园里的人物，因为她觉得那些人物的脸非常病态。对奥利来说，这就像日本的人偶村，令人毛骨悚然。,奥利、凯利、米奇和杰西卡在聊天，分享他们认为最可怕或最令人印象深刻的地方。凯利提到芬兰的一个雕塑花园，那里有大量看起来有些诡异的雕塑人像。奥利则介绍了日本纳戈尔村，描述它与凯利的经历相似，但更加令人不安，因为村庄里的人比雕塑还多。讨论中充满了幽默和惊恐的元素，最终米奇表示要结束聊天，大家互道再见。,"Ollie: Okay, Kelly! Ur up nxt!
 Kelly: Me? I don't wanna.
 Mickey: C'mon!
 Jessica: Yeah! What's yours?
 Kelly: Fine. It's a sculpture garden in Finnland.
 Ollie: What's scary about sculptures? Wait! Do they resemble vampires and stuff?
 Mickey: Nah, I'm sure they look rly nice.
 Kelly: It's not the sculptures, it's the amount of them and their faces!
 Jessica: Faces? What faces?
 Kelly: Well, they resemble ppl in different activities like hugging, training, doing sport and so on. But the faces are just morbid and there's like a hundred of them. All staring at you!
 Ollie: Another one?
 Mickey: Certainly!
 Jessica: Well, Ollie, ur turn!
 Ollie: Nagoro village in Japan!
 Mickey: Y?
 Ollie: Well, maybe it's not scary, but it similar to Kelly's place. It's just creepy as hell.
 Jessica: Bt y?
 Ollie: Imagine a village with ppl living in it. And in the same village u have these human-sized figures. And there's more of them than the ppl that actually live there!
 Kelly: Creepy AH!
 Mickey: WTF?! Y would ppl even do that?
 Jessica: Idk. Idc. Never. Going. There.
 Ollie: See! Mine was the worst!
 Jessica: Bt not the scariest!
 Ollie: Point taken.
 Mickey: Listen, guys, fun talking to u, bt gotta go. 
 Kelly: Yeah, me too. Bye!
 Jessica: Bye!
 Ollie: Cu!",24,3.25,16,66.78,3.343914270,3.841214895,3.990529299,3.391250134,2.709091
aya-expanse:8b,2,NO-ERROR,NO-ERROR,The summary accurately reflects the dialogue's key facts and relations.,贝拉和埃里克拒绝了一个客户的要求。他们老板很赞赏这个决定。他会吸引新的客户来。,埃里克问贝拉今天老板房间里发生了什么，老板是否生气。贝拉回答说老板并没有生气，反而对他们拒绝客户请求的决定表示赞赏。埃里克惊讶地发现原来如此。贝拉解释说，老板希望吸引竞争对手的潜在客户。埃里克祝贺贝拉得到老板的认可。,"Eric: Hey Bella, What happened today in boss's room?? Was he angry??
 Bella: NO NO!!! He wasn't angry at all.. He actually appreciated on our brave deccision to dismiss the request of client..
 Eric: REALLY!! He appreciated this decision..
 Bella: Yeah he really did.. I too was astounded by his reaction...
 Eric: What could possibly lead to this?? I mean , they were potential clients...
 Bella: What he told me was that he was looking forward to bring in new clients which were our current client's competitor..
 Eric: Oh that could possibly be the reason.Well anyways you got appreciation xD congo 
 Bella: hahaha Blessing in disguise xD",36.59,0,21.95,70.33,2.793783188,3.780327082,3.698616743,2.799403667,2.769231
aya-expanse:8b,3,H-CIRC|LANG,H-CIRC|LANG,It invents a specific amount of several hundred yuan and uses dialogue format instead of a summary.,玛丽的钱用完了，卡特打算一小时后借给她一点。,"玛丽：嘿，我有点缺钱，能借我几百元吗？
 卡特：好的，给我一个小时，我在火车站。
 玛丽：行，谢谢！","Mary: hey, im kinda broke, lend me a few box
 Carter: okay, give me an hour, im at the train station
 Mary: cool, thanks",20.83,4.35,16.67,68.02,4.053118229,4.851737976,4.813985348,3.750222683,2.090909
aya-expanse:8b,4,NO-ERROR,NO-ERROR,The summary accurately reflects the dialogue's key facts and relations.,杰克和梅一会儿要喝鸡尾酒。,杰克提议后来喝鸡尾酒，梅激动地回应“是！”她表示自己确实很紧张。杰克猜测了，梅叹了口气，承认确实有点紧张。她认为喝点酒会好一些，杰克建议可能要两杯。,"Jack: Cocktails later?
 May: YES!!!
 May: You read my mind...
 Jack: Possibly a little tightly strung today?
 May: Sigh... without question.
 Jack: Thought so.
 May: A little drink will help!
 Jack: Maybe two!",19.23,4,11.54,64.97,3.440670967,3.597595215,3.739751339,2.979431629,5.692308
aya-expanse:8b,5,H-ENT|H-ROLE,H-ENT|H-ROLE,It changes Wujek Janek into a cousin and reverses who corrected the word 'twins.',约瑟夫给艾拉发了一张乌耶克·雅内克家双胞胎奶牛的照片，艾拉很高兴。,约瑟夫发了一张模糊的照片，上面是两头小牛。艾拉看了之后兴奋地猜测是小牛，并表达了想要触摸它们的愿望。约瑟夫确认照片中的牛是他的表兄扬的牛，并纠正了艾拉的“双胞胎”为“一对”。艾拉对拥有两头牛感到高兴，并表达了对它们的好奇心。,"Joseph: It's fuzzy but I think you can recognize what's that(^_-)-☆
 Joseph: <file_photo>
 Ella: Ooooo
 Ella: Baby cows??(/◕ヮ◕)/(/◕ヮ◕)/(/◕ヮ◕)/
 Joseph: Wujek Janek has tween cows:D
 Ella: Twins* darling xD
 Joseph: Oh yeah, sorry Twins*
 Ella: Good for him!! So cool❤️❤️
 Ella: Wanna touch them❤️❤️❤️",22.47,9.2,17.98,69.87,4.527405739,4.639766693,4.736995220,3.891546011,3.393939
aya-expanse:8b,6,H-ROLE,H-ROLE,It wrongly attributes the comment about female dogs fighting to Lola.,之前阿黛尔得到了一只新的可爱的拉布拉多狗，4个月大，名叫秋伊。她的猫咪们和她保持着距离，而小狗波比和露露都很像它们的妈妈秋伊和斯皮迪，都想出去玩。,阿黛尔告诉洛拉她养了一只新的狗，是一只4个月大的小黄狗，名叫骨头（Bones）。其他宠物对新成员反应平静，猫保持距离，而波皮和露露似乎像母亲一样照顾它。斯皮迪想和他一起玩耍。阿黛尔提到幼犬通常比成年狗更容易被其他动物接受。洛拉开玩笑说女狗喜欢打架，但阿黛尔也同意这一点。他们决定给新狗取名骨头，因为它很胖。洛拉期待着见到这只可爱的狗。,"Lola: hey girlfriend, what's up?
 Adele: Oh, hi Lols, not much.
 Adele: got a new dog.
 Lola: another one?
 Adele: Yup. a pup biscuit lab. 4 months. Chewy.
 Lola: how did the others react?
 Adele: the cats keep their distance, Poppy and Lulu seem to mother him. Speedy wants to play.
 Lola: no fighting? that's new.
 Adele: they say puppies are accepted by other animals more easily than older dogs
 Lola: especially girl dogs, probably
 Adele: with the other ones I had to wean them because I took them in as adult dogs. And girls like to fight. like crazy.
 Lola: doggies, right/.
 Adele: that too :P
 Lola: haha. true though.
 Adele: I know, right. Anyway, called him Bones. He's so plump it kinda fit.
 Lola: cute. can't wait to see him.",36.84,16,28.95,73.42,3.904462099,3.931642532,3.988613367,3.196191072,2.287671
aya-expanse:8b,7,NO-ERROR,NO-ERROR,The summary accurately reflects the dialogue's key facts and relations.,琳达和劳拉明天要去一家意大利餐馆。,劳拉问明天去哪里，林达建议意大利餐厅。劳拉同意了。林达说她喜欢那里的面条和布朗尼，尽管她平时不吃甜食。,"Laura: where will we go tommorow?
 Linda: maybe this italian restaurant?
 Laura: hmm ok
 Linda: i love their pasta
 Linda: and brownie :)
 Laura: i thouht you dont eat sweets
 Linda: this brownie is not so sweet",25.64,0,15.38,71.65,2.244043589,3.574937344,3.392457724,2.373681068,3.000000
aya-expanse:8b,8,LANG,LANG,The output reproduces speaker turns instead of providing a summary.,米娅今晚下班后要和她的女性朋友一起出去。如果她愿意，艾略特会来接她。,"米亚：亲爱的，我今晚下班后可以出去吗？
 埃利奥特：当然可以，去吧！😊
 米亚：谢谢你，亲爱的。我们要度过一个女孩子们的外出夜晚。
 埃利奥特：你们在做什么呢？
 米亚：好吧，我们会去喝点饮料，享受一下工作之外的时光。
 埃利奥特：请不要太晚回家，如果需要我来接你，就给我打电话。","Mia: babe, do you mind if i go out after work tonight?
 Elliot: yeah, sure. go for it ;) 
 Mia: thanks, babe. it's gonna be girls night out 
 Elliot: what're u up to?
 Mia: well, you know we gonna grab some drinks have some nice time outside of work
 Elliot: don't be too late please and if you need me to pick u up just give me a ring",15.69,4,11.76,65.31,3.520889521,4.636316776,4.729400635,4.257058620,3.823529
aya-expanse:8b,9,LANG,LANG,The output reproduces speaker turns instead of providing a summary.,瑞安和塞巴斯蒂安担心乌克兰的政治局势。,"瑞安：我感觉不对劲，看了这个文件（<file_other>）。
 塞巴斯蒂安：乌克兰... 这个俄罗斯的闹剧永远不会结束...
 瑞安：希望各国领导人能对这种情况做出反应。
 塞巴斯蒂安：我也希望如此...","Ryan: I have a bad feeling about this
 Ryan: <file_other>
 Sebastian: Ukraine...
 Sebastian: This russian circus will never end...
 Ryan: I hope the leaders of of nations will react somehow to this shit.
 Sebastian: I hope so too :(",15.38,0,15.38,64.85,2.486685514,3.850098133,3.937732935,2.963274956,5.052632
aya-expanse:8b,10,H-ROLE,H-ROLE,It reverses who should call whom if Finn gets lost.,费恩和查蒂明天2点去象堡，他们会在正门碰头。,芬恩提议明天去象与城堡（Elephant and Castle）这个社区，那里充满了拉丁美洲风情的小店和餐厅。扎迪对这个计划很感兴趣，因为她很久没有吃过拉丁美洲美食了。他们计划在下午两点在购物中心的主入口见面，探索这个即将被拆迁的社区。扎迪表示会及时联系芬恩，如果迷路了。,"Finn: Hey
 Zadie: Hi there! What's up?
 Finn: All fine. You? 
 Zadie: Not bad, thanks 
 Finn: Look, I was thinking of going to this neighborhood called Elephant and Castle tomorrow, it's apparently full of Latin American stuff. Fancy joining? 
 Zadie: Sure! But what's ""stuff""? 😂
 Finn: lol So apparently it's a place were random people from ""Latin America"" (meaning fuck knows which countries) started running small businesses and restaurant, and a nice little community was formed
 Zadie: Oh cool 
 Finn: Then capitalism came and it's all going to be demolished soon, so it's like the last chance to go
 Zadie: What a shame :( Yeah, I haven't had Latin American 😂 food for ages so I'm totally up for it
 Finn: Can't wait to taste this cuisine of unspecified Latino origin lol
 Zadie: 😂😂😂
 Finn: But we can specify time and place if and only if you wish 
 Zadie: I might be tempted to lol I'd say early evening, 2-ish?
 Finn: Yeah, that's fine by me. So most of the places we want to visit are in this Elephant and Castle shopping centre. Shall I see you at the main entrance, wherever that is 
 Zadie: 2 o'clock at unspecified main entrance then? Sounds good to mw
 Finn: Yer
 Zadie: Cool, see you there! And thanks so much for remembering about me 💜💜💜
 Finn: Thanks for saying yes to such an ill-defined plan lmao 
 Zadie: Ha ha You know I love those
 Finn: See you tomorrow then 
 Zadie: Yep Call me if you get lost
 Finn: I will I will 🤙 byeeee 
 Zadie: Toodles",13.95,2.38,9.3,62.96,2.745375633,3.758751154,3.799010515,2.729775906,6.090909
aya-expanse:8b,11,H-EVT,H-EVT,It presents metaphorical battle language as a literal instruction to fight ruthlessly.,汤姆下午2点会在椭圆形会议室与本会面。他会先告诉对方把文件带来。,汤姆告诉本：2点在椭圆房间见，带上所有文件，这将是一场战斗！记住，无情地战斗，不留活口。本笑着回应，他们一定能赢，正义在他们这一边。,"Tom: Ben. We've decided. 2pm in the Oval Room.
 Ben: Ok, I'll be there
 Tom: Take all your papers, it's going to be a fight! And remember: take no prisoners, shoot to kill!
 Ben: hahaha, we have to win this battle.
 Tom: We will, the justice is on our side.",22.95,0,16.39,63.31,3.168863773,3.815423489,3.861514568,2.713229179,2.062500
aya-expanse:8b,12,H-ROLE,H-ROLE,It partly assigns the planned 8 p.m. call to Jordan instead of Elliot.,艾略特现在没空和乔丹说话，他很忙。晚上6点他会给乔丹回电话。乔丹要去参加布拉德的葬礼，布拉德因肝癌去世了。,埃利奥特现在很忙，无法接听电话，提议两小时后再打电话。乔丹正在去参加同事布拉德的葬礼，晚上八点会打电话给埃利奥特。埃利奥特表示了慰问，并承诺在晚上八点打电话。布拉德因肝癌去世，乔丹之前已经提到过这个情况。,"Elliot: i can't talk rn, i'm rly busy
 Elliot: can i call u back in about 2 hours?
 Jordan: Not really, I'm going to a funeral.
 Jordan: I'll call you tonight, ok?
 Elliot: sure
 Elliot: whose funeral is it?
 Jordan: My colleague's, Brad.
 Jordan: I told you about him, he had a liver cancer.
 Elliot: i'm so sorry man, i hope u're ok
 Elliot: i'll call u at 8 pm",49.44,27.59,35.96,78.89,3.798347712,4.184546471,4.231574059,3.068344116,1.924528
aya-expanse:8b,13,LANG,LANG,The output reproduces speaker turns instead of providing a summary.,弗洛要到6号才能预约到做头发。她担心自己头发会变成灰色，所以必须在特易购买一套补色工具。,"Flo：天啊，我要到第六天才能去美发沙龙！
 Gina：什么？为什么？
 Flo：他们太忙了。我快要变灰白头发了！哈哈！
 Gina：那你去超市买个染发套装吧！
 Flo：没办法了！","Flo: OMG, I can't get into the salon until the 6th!
 Gina: What? Why?
 Flo: They're just too busy. I'm going to be gray! LOL!
 Gina: Get you a touch-up kit at Tesco!
 Flo: Gonna have to!",12.99,0,12.99,63.3,2.064600706,3.974166870,4.157060623,2.822903156,1.886364
aya-expanse:8b,14,H-CIRC,H-CIRC,It changes the callback condition from after arriving home to after work.,根据杰克所说，理应由大卫承担责任。等杰克回家后他们再谈。,杰克西认为大卫昨天说得对，关于承担责任等问题。大卫回应他记得了，约定稍后再谈，杰克西下班后会打电话给大卫。,"Jacky: I think you were right yesterday. 
 David: What about? I'm right about most things :P
 Jacky: Yeah, whole you ;)
 Jacky: About taking the blame etc. 
 David: Okey, I remeber. We'll talk later?
 Jacky: With pleasure. I'll call you when I get home.",40,0,26.67,71.7,2.657458782,3.380312443,3.531111717,2.511205196,1.892857
aya-expanse:8b,15,NO-ERROR,NO-ERROR,The summary accurately reflects the dialogue's key facts and relations.,阿黛尔放学后得打扫仓鼠笼。,皮特问阿德尔是否清洁了仓鼠笼。阿德尔回答没有，并询问是不是轮到她了。皮特说是在学校后，没有借口。阿德尔无奈地同意了。,"Pete: Did you clean the hamster cage?
 Adelle: No. Is it my turn?
 Pete: Yes. After school, no excuses.
 Adelle: Fine.",14.63,5.13,9.76,67.41,3.072322845,3.991536617,3.911820412,2.869698048,4.461538
aya-expanse:8b,16,NO-ERROR,NO-ERROR,The summary accurately reflects the dialogue's key facts and relations.,玛雅会在药房为伦道夫买5包耳塞。,兰道夫问玛雅还在药店吗，并请求她买4到5包耳塞。玛雅回答会买5包。兰道夫感谢她。,"Randolph: Honey
 Randolph: Are you still in the pharmacy?
 Maya: Yes
 Randolph: Buy me some earplugs please
 Maya: How many pairs?
 Randolph: 4 or 5 packs
 Maya: I'll get you 5
 Randolph: Thanks darling",36.84,16.67,31.58,75.21,3.621576548,4.021081448,4.002642632,2.872137070,2.500000
aya-expanse:8b,17,H-ROLE,H-ROLE,It mixes up the speaker and target of the comments about the venue and Jenson's unhappiness.,法蒂玛很担心詹森和艾琳。艾琳遇上了一些问题。但林肯不希望法蒂玛为别人操心太多。,法蒂玛告诉林肯，她和杰森谈过，杰森对某个地方不太满意。林肯认为那地方没什么问题，但关心的是阿莱恩的情况。法蒂玛认为阿莱恩可能患有抑郁症，但她拒绝就医。林肯认为这不是法蒂玛的责任，并建议她为可能的分手做好准备。法蒂玛觉得阿莱恩只是有点困扰，因为她经历了很多。林肯直言不讳地说每个人都有问题，关键是自己是否在解决它们。法蒂玛感到伤心，但意识到自己的成长环境比阿莱恩好得多，决定感激当下。林肯鼓励她不要过多担忧他人，并赞美她的美丽。,"Lincoln: Heeyyy ;* whats up
 Fatima: I talked to Jenson, he’s not too happy ;p
 Lincoln: the place sucks??
 Fatima: No, the place is ok, I think, we can go there, it’s about Alene
 Lincoln: typical, dont worry about it
 Fatima: He thinks she may have a depression :[
 Lincoln: nothin new, everyone has it, she needs a doctor then
 Fatima: But she won’t go ;/
 Lincoln: so she’s destroying her life fuck it its not your problem
 Fatima: It is, they’re both my friends!
 Lincoln: you better think what to do if they break up
 Fatima: Ehh yes Ill have a problem ;//
 Lincoln: both blaming each other and talking with you about it, perfect
 Fatima: Alene is just troubled… She’d been through a lot…
 Lincoln: everyone has their problems, the question is are ya doin sth about them
 Fatima: She has problems facing it, don’t be surprised :[
 Lincoln: then it is her problem
 Fatima: You are so cruel at times… o.O
 Lincoln: maybe, for me its just a common sense
 Fatima: Why can’t everyone be just happy???
 Lincoln: youll not understand, you had good childhood, nice parents, you have no idea
 Fatima: Probably, true… Well I can be just grateful o.o
 Lincoln: do that and stop worrying about others, youre way to bautful for that <3
 Fatima: :*:*:*",13.33,2.7,12,67.63,3.434976816,4.009697914,4.033655167,3.397791147,5.461538
aya-expanse:8b,18,H-ROLE,H-ROLE,"It says both Jeff and Lia were tired after hiking, although only Lia was.",米科和杰夫要去参加村里的聚会，杰夫开车。,杰夫和利亚因为刚从徒步旅行回来，都感到很累，所以没有兴趣去村庄派对。米科则表示想去，因为可能有帅气的男孩。吉姆开玩笑说，村里的男孩可能不讲英语，更愚蠢。米科同意了。利亚仍然不感兴趣，而杰夫虽然不热情，但也同意一起去。米科问谁要一起开车，以便他可以喝酒，杰夫表示无所谓。,"Jeff: Should we go to the village party?
 Lia: I'm too tired after hiking
 Mico: I'd like to go, there may be some hot boys!
 Lia: I doubt
 Jim: like a real village boy?
 Jim: who doesn't even speak English?
 Mico: yes, the dummer, the better
 Jim: haha, stupid fucks good, they say
 Mico: I confirm!
 Lia: not my cup of tea
 Mico: I'll go there, who wants to join?
 Jeff: I'll go as well
 Mico: wanna drive?
 Jeff: so you could drink?
 Mico: would be nice, hahah
 Jeff: not excited, but ok
 Mico: thanks!",21.05,4.3,14.74,66.72,3.323001385,4.010381699,4.056748390,3.533636332,6.700000
aya-expanse:8b,19,OMIT,OMIT,"It omits that Ela was not answering Harry's calls, the reason Cindy was asked to contact her.",艾拉没有接哈利的电话。在哈利的请求下，辛迪给艾拉打了电话。,哈利急切地要求辛迪给埃拉打电话，说有紧急事情要讨论。辛迪抱怨说，他们总是让她充当传话筒，但这次之后不会再这样做了。她已经完成任务，哈利现在可以给埃拉打电话了。,"Harry: heyyyy are you there??
 Cindy: Yes dear what is it?
 Harry: Can you call Ela and tell her i need to talk urgent please pick my call.
 Cindy: what happened now? an other fight :O
 Harry: please tell her
 Cindy: MAN! you guys... am i some kind of a messenger service here?
 Harry: PLEASEEEEEEEEE ?
 Cindy: ok doing.... but thats the last time.
 Harry: Yes like always:P
 Cindy: Hate you seriously man.
 Harry: Thank you
 Cindy: Done you can call her now.",20.59,6.06,17.65,69.22,2.697270393,3.994795322,3.929700613,3.201908112,2.724138
aya-expanse:8b,20,H-ENT,NO-ERROR,It renders the insult 'pimp' as a factual claim that Greg is a sex worker.,肯恩正试图捉弄格雷格。,肯对格雷格说：“你这个卖淫的，给我退钱。” 格雷格怀疑是账号被黑客攻击，但肯解释说他是开玩笑。格雷格也回击了同样的侮辱。,"Ken: Fuck you, you pimp
 Greg: What?
 Ken: Fuck you man, I want my money back
 Greg: Was your account hacked by some prankster?
 Ken: No, I'm the prankster, just having a laugh at your expense
 Greg: Well, fuck you too then XD",5.26,0,5.26,62.29,3.361410141,4.360814095,4.173128128,3.503437042,5.363636
aya-expanse:8b,21,LANG,LANG,The output reproduces speaker turns instead of providing a summary.,西蒙五分钟后会和阿德里安谈一谈。,"阿德里安：你能接电话吗？
 西蒙：不方便，有什么重要的事吗？
 阿德里安：不是很重要。
 西蒙：我五点左右可以空出时间。
 阿德里安：那我等你。","Adrian: Can you talk?
 Simon: Not really, anything important?
 Adrian: Not that much.
 Simon: I'll be free at 5
 Adrian: i'll you then",8.51,0,8.51,60.9,2.561347961,4.582088470,4.210563660,3.206056118,4.000000
aya-expanse:8b,22,NO-ERROR,NO-ERROR,The summary accurately reflects the dialogue's key facts and relations.,加布想在线下和凯特见一面。但是凯特不喜欢加布的要求，所以她不会再和他说话了。,加布表示现在可以随意发消息，并询问何时能见面喝酒。凯特很忙，不确定何时有空。加布希望在现实中见到她，但凯特拒绝了，称自己不是这样的人。加布试图解释他们的交流方式不同，但凯特认为这是个错误。加布确认凯特是否离线，但凯特没有回应。,"Gab: Ah that's better. Now we can message all we like.
 Kat: :-)
 Gab: So when can we meet up for a drink?
 Kat: Fairly busy at the moment so I'm not sure when.
 Gab: I'd love to meet you in real life.
 Kat: I don't meet strange men from the internet.
 Gab: Why not?
 Kat: Not that sort of gal.
 Gab: But you're talking to me, aren't you?
 Kat: Yes, but that's different.
 Gab: How so?
 Kat: Just is.
 Gab: But it would be so much nicer to do this cuddled up right next to you...
 Kat: I think this was a mistake.
 Gab: Are you there?
 Gab: Where did you go?
 Gab: Kat?",21.28,0,14.89,68.23,3.186951160,4.089714050,4.135810375,3.522799253,2.973684
aya-expanse:8b,23,LANG,LANG,The output reproduces speaker turns instead of providing a summary.,阿加莎为自己感到骄傲，因为她已经完成了经济学相关的报告。她对经济学很感兴趣。,"阿加莎：我的演讲准备好了！
 亚当：太棒了，是什么主题？
 阿加莎：经济学。
 亚当：听起来有意思吗？
 阿加莎：当然，我使用了最新的研究数据。
 亚当：看来你很了解这个领域呢！
 阿加莎：我对经济学非常感兴趣。","Agatha: My presentation is ready as we speak :)
 Adam: oh cool, what course?
 Agatha: Economics.
 Adam: Is it interesting? I mean... your presentation.
 Agatha: Definitely, I used recent research.
 Adam: Sounds like you know what you're doing :P
 Agatha: I'm just really into economics :)
 Adam: no doubt about that",20.78,2.67,20.78,66.69,2.724579334,3.899390221,3.898447752,3.088222504,2.473684
aya-expanse:8b,24,NO-ERROR,NO-ERROR,The summary accurately reflects the dialogue's key facts and relations.,凯恩向香农推荐30秒上火星乐队的新专辑。,凯恩问沙农是否听过30秒至火星的新专辑，沙农表示没有。凯恩推荐她听，沙农表示会去听的。,"Kane: have you heard the new 30 seconds to mars album?
 Shannon: no, is it good?
 Kane: you should so check it out
 Shannon: ok thanks for the recommendation
 Kane: no prob",37.84,11.43,32.43,74.83,2.359731913,3.308514357,3.238589764,2.297583580,2.150000
aya-expanse:8b,25,H-ROLE,H-ROLE,It attributes the comment that Miranda is not Tom's type to Catherine instead of Nora.,米兰达昨天打电话给汤姆，很甜蜜地和他讲话。安妮很生她的气，因为她正在和汤姆约会。,安妮讨厌那个“恶女”！凯瑟琳和诺拉都好奇她又做什么了。凯瑟琳指的是在镜达。大家都对她很反感。昨天，镜达打电话给汤姆，表现得非常甜蜜，这让安妮怀疑她想夺走汤姆。凯瑟琳不认为镜达有这个可能，因为她觉得镜达不是汤姆的类型。,"Anne: I hate that bitch!
 Catherine: What did she do again???
 Nora: Who's the bitch?
 Nora: Sorry I missed something
 Catherine: Miranda!!! 
 Catherine: We all hate her
 Anne: Yesterday she called Tom, was all sweet with him you know how she can be....
 Catherine: No way she did it!! How dare she!! She knows you guys are dating.
 Anne: I think that's why she did it. She wants to take Tom away from me.
 Nora: Oh, come on! She's not his type!",34.41,10.99,27.96,71.7,3.500547886,3.868753910,3.892879248,3.156099796,2.700000
aya-expanse:8b,26,NO-ERROR,NO-ERROR,The summary accurately reflects the dialogue's key facts and relations.,莉莉和托马斯度过了一个美好的夜晚。托马斯是罗马尼亚人，来自一个非常富有的家庭。,莉莉和凯特聊天，莉莉说她和一位叫托马斯的人度过了一夜，他是一个罗马尼亚富家子，正在伦敦的LSE学习。莉莉惊讶于他并不像预期的那么平淡无奇，相反，他在各个方面都给她带来了极大的享受，让她头痛不已。凯特很高兴听到这个消息，认为莉莉值得拥有一些乐趣，因为最近几周她经历了很多压力。,"Lily: I spent an amazing night with this guy
 Kate: What's his name?
 Lily: Thomas
 Kate: Is he English?
 Lily: He is Romanian, but from an extremely rich family, it seems
 Kate: What does he do in London?
 Lily: LSE
 Kate: of course, so predictable 
 Lily: Hahah, but I expected him to be more banal and boring
 Kate: but?
 Lily: to be more mediocre...
 Kate: in size, in passion or in wallet?
 Lily: In everything. I've had so much pleasure that I have a headache
 Kate: I'm glad to read that. You deserved some fun after the last weeks.
 Lily: haha, I agree!",25,3.92,19.23,68.15,3.530741453,3.919844389,4.038263321,3.435005426,3.512821
aya-expanse:8b,27,NO-ERROR,NO-ERROR,The summary accurately reflects the dialogue's key facts and relations.,杰克预定了三张明天晚上七点的票。他能享受七折优惠。,鲍勃问梅兰妮是否预订了明天的票。梅兰妮说杰克承诺会做这件事，而且他有工作场所折扣。鲍勃再次确认杰克是否在场并预订了票。杰克回答已经预订了三张明天晚上七点的票，并且享受了30%的折扣。,"Bob: did you reserve the tickets for tomorrow?
 Melanie: Jake promised me he will do that
 Melanie: he has some workplace discount on them
 Bob: Jake are you here?? Did you reserve the tickets?
 Jake: yes I did, 3 tickets for tomorrow, 7 pm
 Jake: and we got a 30% discount on them too :)",30.56,20,27.78,75.67,3.726945639,4.168754578,4.057558060,2.995385408,3.640000
aya-expanse:8b,28,NO-ERROR,H-ROLE,The summary accurately reflects the dialogue's key facts and relations.,彼得最近一直在他们办公室附近的健身房锻炼以改善健康状况。为了更健康，丽莎正在考虑锻炼和更加合理饮食。,丽莎问彼得最近过得怎么样。彼得说工作很忙。丽莎认为他可能在为健康而努力，而不是减肥。彼得解释他想通过锻炼改善健康状况，并不需要减重。他们讨论了锻炼和饮食对保持健康的重要性，并同意长期坚持健康习惯非常重要。,"Lisa: Hello Peter. What have you been doing off late?
 Peter: Bit busy with work.
 Lisa: Too much of work, huh?
 Peter: Not really, I’ve been working out
 Lisa: Ohh, trying to get in shape?
 Peter: Nah, I don’t have much of weight to lose, just want to improve my health.
 Lisa: That’s a good thought. I was also thinking of working out a bit. What do you do? Do you go to a Gym?
 Peter: Yes, I hold a membership with the one near our office.
 Lisa: Which exercises do you do regularly?
 Peter: I do weights and run on the treadmill.
 Lisa: Besides exercises, I think I need to eat better to help me keep in shape.
 Peter: Another major requirement for good health is sleep. On an average one requires at least 7-8 hours of sleep.
 Lisa: There are a lot of things we can do to stay healthy.
 Peter: Yes. One needs to maintain a regime to stay healthy for a long term.",35.29,12.05,25.88,70.35,2.919915915,3.789343357,3.799023867,2.976663113,2.040000
aya-expanse:8b,29,H-ROLE,H-ROLE,It attributes the compliment about the black dress to Raphael instead of Frank.,杰西卡在市中心的二手商店买了一张桌子、六把椅子、一个花瓶和一堆衣服。这些一共花了70欧元。,杰西卡去城里二手店买了很多东西，包括一张橡木桌、六把椅子、一个花瓶和一堆衣服。她发了照片给拉斐尔和弗兰克，他们都非常喜欢那张桌子，尤其是拉斐尔对黑色的连衣裙赞不绝口。杰西卡对自己的购买感到非常满意，更令人高兴的是，她只花了70欧元就买了所有这些东西！,"Jessica: I went to the second hand shop downtown 
 Frank: Cool
 Raphael: What did you get?
 Jessica: Lots of stuff
 Jessica: A table, six chairs, a vase, a pile of clothes
 Frank: That's really a lot of stuff :-)
 Raphael: send us pictures
 Jessica: <photo_file>
 Jessica: <photo_file>
 Raphael: Beautiful table
 Raphael: Is it wood?
 Jessica: yes, oak 
 Raphael: Awesome
 Jessica: <photo_file>
 Frank: These are the clothes?
 Frank: I love the black dress
 Jessica: It's absolutely beautiful
 Jessica: As soon as I saw it I knew it would be mine
 Jessica: I'm so happy with what I bought
 Jessica: And the best is I paid only 70 euros for all of that!!",41.58,28.28,35.64,75.91,3.911714792,3.710690975,3.861851454,3.163946152,2.777778
aya-expanse:8b,30,H-EVT,H-EVT,It changes the request to keep the pasta in the microwave into a request to heat it.,卢西恩不在家。德西蕾希望卢西恩把她的意大利面放在微波炉里。,Desiree 问 Lucian 两人是否在家，Lucian 表示刚收到消息，没有特别原因。Desiree 要求将面条放在微波炉里加热。Lucian 回答自己还没做饭。,"Desiree: U both at home?
 Lucian: No. I've just got ur msg. Why did u ask about it?
 Desiree: No reason. Keep my pasta in the microwave
 Lucian: I haven't cooked anything",18.87,11.76,18.87,70.16,2.468843460,2.951368809,2.860347271,2.268084526,2.689655
aya-expanse:8b,31,NO-ERROR,NO-ERROR,The summary accurately reflects the dialogue's key facts and relations.,艾米丽、凯特和玛塔今天要去中央车站的x酒吧喝一杯。,艾米丽提议今天下班后一起喝点东西，凯特和玛塔都同意了。他们计划在中央车站的X酒吧约定时间5：30见面，但凯特可能要晚一点到达，因为交通状况。玛塔表示没问题，并祝大家再见。,"Emily: fancy a drink after work today?
 Kate: sure!
 Marta: Good idea! 
 Marta: Where? When?
 Emily: Maybe in the Pub X at the central station at 5.30?
 Kate: I may be closer to 6, traffic on my way
 Marta: Fine for me.
 Marta: See you then, Ladies!
 Emily: Bye! see ya :*
 Kate: :*",38.1,22.95,31.75,73.57,3.381583214,4.103818893,4.035443783,3.034666538,3.400000
aya-expanse:8b,32,LANG,LANG,The output reproduces speaker turns instead of providing a summary.,今天玛丽没有去上学，她就待在家里。,"玛丽：嗨，我的朋友😘
 爱丽丝：你今天不是去学校吗？
 玛丽：不，我今天待在家里。
 爱丽丝：幸运你！","Mary: Hi my friend :*
 Alice: U re not at school?
 Mary: No i stayed at home today.
 Alice: Lucky u!",25.64,0,20.51,70.82,4.173839569,4.801850796,4.823467731,4.429743767,2.647059
aya-expanse:8b,33,H-ROLE|H-EVT,H-ROLE|H-EVT,It reverses who requested Theraflu and mistranslates 'do not call in' as 'do not phone.',克莉丝汀病了，明天不来上学了。安妮会把西拉夫的香囊放在邮箱里。克莉丝汀不想把病传染给她。,安妮询问克里斯汀是否会去学校。克里斯汀表示明天不会去，因为她感觉不舒服，可能得了流感。安妮关心她的体温和饮食情况，克里斯汀回答没有发烧，只是鼻塞、喉咙痛和疲劳。安妮建议她吃特拉弗（Theraflu），并表示会后来送一些给她。克里斯汀感谢安妮的帮助，但担心自己可能会传染给安妮，让安妮不要打电话。安妮开玩笑说自己可能已经感冒了，但如果克里斯汀醒着，可以随时打电话。,"Annie: Are you going to be at school?
 Christine: Not tomorrow. I am not well.
 Annie: Oh noes! What happened?
 Christine: Got the flu, I think.
 Annie: what's your temperature?
 Christine: Not high, I'm not running a fever or anything
 Annie: Are you eating ok?
 Christine: Yeah. Just blocked nose, sore throat. Tired.
 Annie: Sounds like you've got a cold. You need anything?
 Christine: I could do with some Theraflu.
 Annie: OK, I think we've still got some sachets, should be in date. I'll drop them through your letterbox later on.
 Christine: Yeah. Don't call in because I'll feel bad if you catch this cold off me.
 Annie: I think I probably had it already, but you might be sleeping.
 Christine: If the light in my room is on, call if you want.",19.55,3.05,15.04,67.5,4.121644974,4.339376450,4.493249893,3.913795471,4.113636
aya-expanse:8b,34,NO-ERROR,NO-ERROR,The summary accurately reflects the dialogue's key facts and relations.,沙尔多纳通过手机发送了婚礼邀请，因为她没有时间亲自去送邀请函。,沙隆达宣布她要结婚，并发送了一张通过消息应用程序的婚礼邀请。皮珀感到惊讶，因为他们多年没有联系，而现在沙隆达才发来邀请。皮珀认为沙隆达太贪婪，期望别人参加她的婚礼，却没有时间亲自送邀请。,"Shaldona: WE ARE GONNA GET MARRIED ❤️❤️
 Shaldona: <file_others>
 Shaldona: This is our mobile inviation for our wedding.
 Shaldona: Invitation*
 Piper: Hey. You haven’t sent me any messages for a few years.
 Piper: And now you are sending me your wedding invitation 
 Piper: THROUGH MESSENGER?
 Shaldona: .....
 Shaldona: Well..
 Shaldona: I had no enough time to meet everybody and give this in person.
 Shaldona: Hope you understand.
 Piper: If you don't have time to give the invitation card in person but expect people go to your wedding
 Piper: Shaldona, if so, you are too greedy.",34.29,17.65,31.43,73.55,3.927655458,4.149542809,4.256403923,3.632287025,3.000000
aya-expanse:8b,35,NO-ERROR,NO-ERROR,The summary accurately reflects the dialogue's key facts and relations.,康拉德忘了带钥匙，所以回不了家。瑞贝卡和蒂芙妮回来得晚，他得在咖啡厅等。,康拉德在房子外面，忘记带钥匙。雷贝卡和蒂芬尼有消息，蒂芬尼将于晚上10点到11点回家，而雷贝卡会更晚回来。康拉德决定在咖啡店等候。,"Conrad: I'm outside the house
 Conrad: I forgot my keys...
 Rebecca: 💩
 Tiffany: I'll be home at 10-11
 Rebecca: I'm coming back even later
 Conrad: Oh no...
 Conrad: I'll wait in the coffee shop",32.79,10.17,29.51,78.61,3.857607365,4.135297775,4.224114418,3.176295280,1.805556
aya-expanse:8b,36,LANG,LANG,The output reproduces speaker turns instead of providing a summary.,卢德米拉小时候最喜欢的恐龙是三角龙。,"雅各波：嗨，你小时候有喜欢的恐龙吗？
 柳米拉：有啊，三角龙。为什么？
 雅各波：我后来告诉你原因。","Jacopo: hey, did you have a favorite dinosaur growing up?
 Ludmila: yes, triceratops. why?
 Jacopo: i'll tell you why later.",33.33,15,28.57,70.39,2.502588749,4.738620758,4.497660160,3.778833151,2.555556
aya-expanse:8b,37,H-CIRC,H-CIRC,It says the current color is already dark rather than that Claire wanted it darker.,在玛丽亚和妮可的建议下，克莱尔正在订购她的婚纱。,克莱尔分享了一件礼服（文件链接），玛丽亚和妮可都认为这件礼服非常适合新娘，价格也合理。克莱尔虽然觉得颜色有点暗，但最终被说服了，决定下单。,"Claire: Check this out :)))
 Claire: <file_other>
 Maria: !!
 Nicole: Absolutely perfect for you!!
 Claire: I guess so
 Claire: But it could be a bit darker, cause this color is not very vivid
 Nicole: Noooooo, I think this color is perfectly good for the bride
 Maria: And it's no that expensive :)))
 Claire: Yes, the price appeals to me xD
 Nicole: You should order that dress
 Nicole: I think you won't regret
 Maria: Don't hesitate, it's incredibly beauty!!
 Claire: Ok, if you say so :))",19.23,12,19.23,68.19,2.137574911,3.717124701,3.686426640,2.407913208,2.875000
aya-expanse:8b,38,H-MOD,H-MOD,It generalizes speaking only Albanian with his parents into Miro speaking only Albanian at all.,米罗和他的父母说阿尔巴尼亚语。他的家人在20世纪90年代非法出境离开了阿尔巴尼亚。,阿比（Abby）讲述了她昨天在派对上认识的米罗（Miro）的故事。米罗的父亲来自1990年代初的阿尔巴尼亚，他们非法离开了该国，逃离了极端贫困和动荡。米罗只会说阿尔巴尼亚语，并分享了他父亲通过不合法途径出国的经历，包括人们挤上任何可用的船只逃离该国的场景。,"Abby: Have you talked to Miro?
 Dylan: No, not really, I've never had an opportunity
 Brandon: me neither, but he seems a nice guy
 Brenda: you met him yesterday at the party?
 Abby: yes, he's so interesting
 Abby: told me the story of his father coming from Albania to the US in the early 1990s
 Dylan: really, I had no idea he is Albanian
 Abby: he is, he speaks only Albanian with his parents
 Dylan: fascinating, where does he come from in Albania?
 Abby: from the seacoast
 Abby: Duress I believe, he told me they are not from Tirana
 Dylan: what else did he tell you?
 Abby: That they left kind of illegally
 Abby: it was a big mess and extreme poverty everywhere
 Abby: then suddenly the border was open and they just left 
 Abby: people were boarding available ships, whatever, just to get out of there
 Abby: he showed me some pictures, like <file_photo>
 Dylan: insane
 Abby: yes, and his father was among the people
 Dylan: scary but interesting
 Abby: very!",30.11,6.59,17.2,72.25,3.185876846,3.508336782,3.695595741,2.881877899,3.121951
aya-expanse:8b,39,H-ROLE,H-ROLE,It changes the people taking it easy from Dan and Martin to Chris and Martin.,丹、蒂姆、克里斯和马丁8点碰面。丹和马丁这次会放松一下。汤姆来不了，因为他岳父岳母家有个聚会。,丹问大家周六是否一起出去。蒂姆和克里斯都同意，但汤姆因要去女家参加派对而无法参加。克里斯和马丁也表示自己可能需要跟着放松。蒂姆调侃道大家像60岁的人。,"Dan: Guys, so are we going out on Sat?
 Tim: I'm ready when you are
 Chris: I'm OK too, in the centre right?
 Tom: I'm out guys sorry. 
 Dan: come on Tom, what's wring this time
 Tom: told ya before. party at in-laws
 Chris: always the same story right
 Martin: right guys, so what time?
 Tim: start @8? finish. 8 if we're lucky
 Dan: yeah, i need to be home at 2 and ready to drive on Sunday noon
 Chris: so you takin it easy this time
 Martin: i guess i'd have to as well
 Tim: guys you sound like 60 yos
 Chris: Tim, are the last two standing or what?
 Tim: i gather
 Dan: you two will also grow up one day.",29.73,11.11,21.62,67.49,3.000822067,3.963103771,3.919898272,2.601570606,1.595745
aya-expanse:8b,40,OMIT,NO-ERROR,It omits the key cause of the laptop failure: the cat spilled coffee on it.,迪玛的笔记本电脑坏了，因为她的猫把咖啡洒在笔记本电脑上。 迪玛很担心，因为她明天必须为trados提供翻译。一个小时后迪玛会来纳达家，借纳达的笔记本电脑。,迪玛的笔记本电脑坏了，明天需要交翻译，但 Nada 的旧笔记本电脑已经借给了她哥哥。 尽管如此，Nada 还是同意让迪玛使用她的笔记本电脑，因为她这两天都请假了。 迪玛表示非常感激，并承认他们应该为翻译工作准备备用笔记本电脑。 她想在一小时内来取笔记本电脑。,"Dima: hello! 
 Nada: hey girl, what's up?
 Dima: I'm in a huge trouble, my laptop is broken and I have to deliver a translation tomorrow @9 😱😱
 Nada: fuck what happened??
 Dima: the stupid cat spilled coffee on it 😣😣 I'm freaking out!
 Dima: you still have your old laptop? is it possible to lend it to me please?
 Nada: no sorry, I've given it to my brother - but you're lucky! I've taken these two days off so you can take mine
 Dima: ooh man! thank you sooo much!!! if it weren't for Trados, I wouldn't be panicking :( 
 Nada: no worries, it happened... but I always think about this... like man, we need some back up laptops!
 Dima: I know! but I always change my mind and spend the money elsewhere lol
 Nada: yeah, but it's like our only tool! so we need to invest in it
 Dima: yup, true !
 Dima: can I come in an hour to pick it up?
 Nada: yes :) ttyl!",42.99,20.95,33.64,76.77,3.663612843,3.987362146,4.060561180,3.007616997,1.618421
aya-expanse:8b,41,NO-ERROR,NO-ERROR,The summary accurately reflects the dialogue's key facts and relations.,杰瑞40分钟后到家。,杰里（Jerry）给珍妮特（Janet）发了个甜蜜的问候。珍妮特回应说期待他的归来。杰里表示大约40分钟后到家，珍妮特说她会等他。杰里询问了珍妮特的日常，珍妮特抱怨了下老板的烦人之处。他们互道再见，表达了爱意。,"Jerry: Hi sweetie :)
 Janet: Hi sugar ;)
 Jerry: I'm coming home
 Janet: Can't wait ;)
 Jerry: I should be there in 40 minutes
 Janet: Ok, I'm waiting for you :)
 Jerry: How was your day?
 Janet: Oh, it was ok but my boss is a pain in the ass sometimes
 Jerry: I know, she can be a bitch :P
 Janet: Yes she can! ;)
 Jerry: See you later darling
 Janet: <3",14.29,11.76,14.29,66.82,3.577735186,4.213803768,4.212527752,3.175470114,10.500000
aya-expanse:8b,42,NO-ERROR,NO-ERROR,The summary accurately reflects the dialogue's key facts and relations.,娜塔莉怀了戴夫的孩子。简认为萨莉不应该告诉别人，因为娜塔莉是私下告诉他们的。亨利埃特和格雷格很惊讶，孩子的父亲居然是戴夫而不是迈克。,莎莉向大家传闻娜塔莉的消息。尽管简不愿意分享，但其他人都感到好奇。当他们知道了消息时，大家惊讶地发现孩子的父亲是戴夫，而不是他们猜测的迈克。,"Sally: Hi guys have you heard about Natalie?
 Tom: No. What about her?
 Jane: You're such a gossip girl, Sally!
 Sally: Come on! I'm sure you're all curious.
 Tom: I am. 
 Sally: Relax Jane, what's your problem?!
 Jane: She told us in confidence, I don't think we should share it with others.
 Greg: Now I'm also curious
 Henriette: Tell us! 
 Henriette: Is she pregnant? 
 Sally: 💣💣💣
 Sally: Guess who's the father!!!
 Henriette: I knew it!
 Henriette: Is it Mike?
 Sally: Dave!!! 
 Henriette: WHAT????
 Greg: That's insane!",44.44,10.13,37.04,74.1,3.533383369,4.197947979,4.196787834,3.635823011,1.060606
aya-expanse:8b,43,NO-ERROR,NO-ERROR,The summary accurately reflects the dialogue's key facts and relations.,丽莎还没回家，黛西想要她晚上11点前回来。,黛西问丽莎是否要回家，丽莎回答还不算。黛西请求丽莎在11点前回来。丽莎同意了。,"Daisy: going home?
 Lisa: not yet
 Daisy: please be back before 11 pm
 Lisa: ok",47.06,25,41.18,79.48,2.221895695,3.647835255,3.201333523,2.145596504,1.857143
aya-expanse:8b,44,H-ROLE,H-ROLE,It attributes the statement that the video is viral to Ellie instead of Cindy.,辛迪很伤心，但不愿意说出原因。艾莉还没看那个疯传的搞笑视频。,Cindy 发了个 GIF 和视频给 Ellie，表示自己很伤心，不想谈论原因。 Ellie 鼓励 Cindy 乐观起来，并指出那段视频在网上很火，很有趣。,"Cindy: <file_gif>
 Ellie: Why are you so sad? Something’s happened?
 Cindy: I don’t want to talk about it…
 Ellie: Cheer up! Tomorrow’s another day 😊
 Cindy: <file_video>
 Cindy: Have you seen it? It’s viral on the internet
 Ellie: Nope, but it’s very funny 😊
 Ellie: <file_gif>",20,10.34,20,71.2,2.499998569,4.032506943,3.893292665,2.873744488,2.333333
aya-expanse:8b,45,H-MOD,H-MOD,It strengthens a promise to visit when possible into a promise to visit as soon as possible.,本不会和凯瑟琳一起去看望史蒂夫叔叔。他会去看望凯瑟琳和孩子们。,凯瑟琳邀请本去看望他们家族中的叔叔史蒂夫，但本表示自己不喜欢这种拜访，觉得会让他感到压力。凯瑟琳试图说服他，说孩子们想见他，但本认为他们可以等他有空时再见面，无需特地前往另一个城市。凯瑟琳提到史蒂夫会失望，但本坚持认为史蒂夫可能不会太在意，因为他们没有共同话题，而且史蒂夫总是问他的私生活问题让他感到烦恼。尽管如此，凯瑟琳还是鼓励本去看望孩子们。本同意了，表示会尽快找到时间去看他们。,"Catherine: We're going to visit uncle Steve, want to come with us?
 Ben: why would I?
 Catherine: He's family and we haven't seen him in a long time.
 Ben: you know very well that I'm not fond of such visits
 Ben: they stress me out
 Catherine: Come on, even you can do it from time to time.
 Ben: maybe I can but I don't want to
 Ben: it will end the same way as usual
 Ben: with me being pissed at everyone
 Catherine: The boys want to see you
 Ben: I can visit you and play with them some other day
 Ben: I don't have to drive to another city to do it
 Catherine: You know that he'll be disappointed?
 Ben: uncle Steve?
 Catherine: Yes.
 Ben: I don't think so, we don't have anything in common
 Ben: all he ever does is bothering me with stupid questions about my private life
 Catherine: Maybe that's his way of showing that he cares about you
 Ben: yes... sure... sometimes I wonder if you're thinking about what you type :P
 Catherine: Depends on the day
 Catherine: Today I'm tired so I can't guarantee it
 Ben: you should rest then
 Ben: instead of asking me to do stuff I don't like
 Catherine: Alright, don't worry, I'll stop
 Catherine: But still the part about the boys missing you was true
 Catherine: So come and visit them when you'll have the chance
 Ben: I will",19.2,1.63,11.2,66.95,3.234508038,3.649123430,3.933879852,3.334073305,6.193548
aya-expanse:8b,46,NO-ERROR,NO-ERROR,The summary accurately reflects the dialogue's key facts and relations.,史蒂夫很高兴他装了一台新的洗碗机。,史蒂夫告诉妈妈，洗碗机已经安装好了，并且做得很好。他发了一张照片给妈妈，显示洗碗机的样子。妈妈问它是12个餐盘的，史蒂夫说虽然他通常没有那么多客人，但这并不意味着每天都需要用到它，每隔一天就够了。妈妈很高兴史蒂夫对洗碗机满意。,"Steve: hiya the dishwasher has turned up
 Mum: good did they install it for you
 Steve: yes they did a good job
 Steve: <file_photo>
 Mum: looks really nice
 Steve: yes it does its nice and quiet
 Mum: is it a 12 place setting one?
 Steve: I think so, not that I ever have 12 for dinner lol
 Mum: not but you dont have to put it on every day
 Steve: no every other
 Mum: yes I'm glad you are pleased with it xx
 Steve: I am thanks mum xxx",15.19,2.6,12.66,68.67,3.488799810,4.214389324,4.160016060,3.414116859,6.647059
aya-expanse:8b,47,OMIT,OMIT,"It omits the recent visit, the unanswered owner contact, and the visit to Lilly's with Julia's cousin.",茱莉亚上周去了考文特花园附近的kohaku咖啡馆，但现在这家店关门了，这让她和亨利大吃一惊。她联系了店主，但还没收到回复。亨利和他的表妹最后去了莉莉家，但那里的气氛不一样。,亨利想预订科哈库咖啡馆的桌子，但找不到任何信息，连其Facebook页面也消失了。朱莉娅证实咖啡馆已经关门，可能是因为租金过高。亨利和朱莉娅都对这家位于 Covent Garden 附近的咖啡馆很失望，并讨论了其他替代选择。,"Henry: Do you know what happened to cafe Kohaku?
 Julia: The one near Covent Garden?
 Henry: Yeah. I wanted to reserve a table, but I can't find them anywhere. Their Facebook page disappeared.
 Julia: I'm afraid they're closed :(
 Henry: For good?!
 Julia: Afraid so. I've been there last week and wanted to take my cousin there, but the place's empty
 Julia: Probably the rent was too high.
 Henry: Oh no, I loved that place
 Julia: Me too. I checked online for the owners and contacted them, but they haven't replied yet. I hope they will reopen somewhere else
 Henry: Unless they do it far away, the location was perfect. It was a real gem in this touristy district
 Julia: I know, I know... We went the Lilly's in the end, my cousin and I, but it's not the same
 Henry: Eh, that's a pity then, I was so looking forward to their brownie
 Henry: How was the Lilly's?
 Julia: It's all right, it's a different vibe though. I think you should go to the Japan Centre for the same
 Henry: Uhm, don't think so. It's always awfully crowded and there are more tourists than normal people like us",31.19,9.35,20.18,68.78,2.917319775,4.097061157,4.194688797,2.786772728,1.267442
aya-expanse:8b,48,NO-ERROR,NO-ERROR,The summary accurately reflects the dialogue's key facts and relations.,卡米拉和汤姆这个周末要去都柏林。,汤姆问卡米拉是否去过都柏林，卡米拉表示从未去过爱尔兰。汤姆提议周末去都柏林，持续两天，因为天气预报很好。卡米拉赞同汤姆的疯狂想法，并表示支持。汤姆说他会买票。,"Tom: Have you ever been to Dublin?
 Camilla: Never in Ireland!
 Tom: So let's go there this weekend!
 Camilla: for 2 days?
 Tom: Yes, the weather forecast is great!
 Camilla: I love your crazy ideas!
 Tom: ok, so I'm buying the tickets
 Camilla: <3",19.61,4.08,19.61,71.68,2.802294254,3.715211630,3.651705980,2.571666002,4.937500
aya-expanse:8b,49,H-ROLE,H-ROLE,It attributes the information about Jason's dental appointment to Nathan instead of Susy.,杰森今天约了牙医，所以他没来。,梅根问纳森是否收到杰森的消息，因为杰森今天缺课。纳森解释说杰森有牙医预约。梅根感谢他的信息。,"Megan: Any word from Jason?
 Nathan: Why do you ask?
 Megan: He was absent today :c
 Susy: He had a dental appointment.
 Megan: Thanks for the info :)",29.41,6.25,29.41,72.95,3.679739714,4.283415794,4.253631592,3.252571821,3.066667
aya-expanse:8b,50,H-CIRC|LANG,H-CIRC|LANG,It changes total hours into daily hours and reproduces the dialogue instead of summarizing it.,到目前为止，吉尔做了20或30次，每天3-4次，35或40小时，所以和艾丽一样。,"艾利：到目前为止你做了多少？
 吉尔：大概20到30个。
 吉尔：我每天最多只能做3到4个。
 艾利：每天几小时？
 吉尔：可能40个小时，或者35个小时……
 艾利：好吧，我也是这样。","Ally: how many did you do so far?
 Jill: like 20 or 30
 Jill: I can't do more than 3-4 per day
 Ally: how many hours?
 Jill: 40? maybe 35...
 Ally: ok, same here",43.9,12.5,34.15,72.11,3.672251463,3.957079887,3.975242138,2.884478092,2.075000
aya-expanse:8b,51,NO-ERROR,NO-ERROR,The summary accurately reflects the dialogue's key facts and relations.,詹姆斯和米娅明天想去看艺术展。詹姆斯想让阿米莉亚和他们一起去，但米娅不确定阿米莉亚去不去。之后詹姆斯和米娅会去他家。,詹姆斯告诉米娅，他们的哲学讲师正在举办一场艺术展览，明天开幕。米娅对这个消息感到惊讶，但表示也想去看看。詹姆斯提议他们一起去，并邀请阿美利亚一起参加。米娅有些犹豫，因为她不了解阿美利亚，但詹姆斯安抚她，保证阿美利亚很随和。他们计划明天同时去展览和电影院，之后到詹姆斯家聚会。米娅表示同意，两人确认没有问题。,"James: Amelia said that one of our lecturers in philosophy had an art exhibition (!). It opens tomorrow! 
 James: I'm talking about this guy who taught us ethics.
 James: Amelia recommends it :D
 Mia: No way...! :D Professor Evans and art exhibition :D What has happened to this world?
 Mia: But you know what? I would actually like to see it! :D
 James: ME TOO, of course! :p Can Amelia go with us?
 Mia: To the exhibition or to the exhibition and to the cinema? You remember that we have plans for tomorrow...?
 James: both
 James: yes, I do
 Mia: ok
 James: Are you mad at me?
 James: Babe, the fact that I suggested that we might go out with Amelia doesn't mean that I don't value time that we spend together, just the two of us.
 Mia: I know, I said ok.
 James: Are you sure you're fine with this?
 Mia: Yup. :)
 Mia: I just don't know her very well, it's gonna be stressful for me.
 James: :) But you know me, don't you?
 Mia: Maybe I do :D
 James: Really, there's nothing to worry about. Amelia is quite laid-back and likable. ;)
 James: Afterwards we can go to my place and hang out, cuddle and so on... :*
 Mia: Sounds good :) :*
 James: So we're good, right?
 Mia: Right. ;)",32.79,11.67,27.87,75,4.034031868,3.957563877,4.141951561,3.452070475,2.637931
aya-expanse:8b,52,NO-ERROR,NO-ERROR,The summary accurately reflects the dialogue's key facts and relations.,彩英和亚瑟通知玛丽安娜，史蒂芬研讨会下一次要用的阅读资料周一在印刷店拿不到。丽塔决定明天去看看，如果情况有变，她会让所有人都知道的。,玛丽安娜询问斯蒂芬的研讨会下一次会议的阅读材料是否在打印店。丽塔和查英没有确切信息，亚瑟确认周一材料未到位且工作人员态度恶劣。丽塔将于第二天早上前往并告知大家材料是否准备就绪，她会请求加印更多。亚瑟和查英表示不介意。,"Mariana: Hi, just a quick question. Do you know if the readings for the next session of Stephen’s seminar are in the print shop?
 Rita: No idea, sorry
 Chae-yeong: The only thing I know is that they were not yet there on Monday
 Arthur: Yer, I’ve made the mistake of going on Monday as well and I can confirm the texts were not there and the staff was as rude as always
 Mariana: Sounds familiar
 Rita: I’ll go tomorrow morning and let you know if the texts are available
 Rita: I can’t buy the copies for you because they never have enough at hand but I’ll just ask them to print more for later
 Chae-yeong: No worries
 Arthur: Yeah, just let us know if they’re ready, that’s a huge favour already
 Rita: Cool. Will do! xx",41.24,14.74,30.93,72.76,3.570732355,4.152916908,4.333523750,3.071859837,1.636364
aya-expanse:8b,53,H-ROLE,H-ROLE,It unsupportedly makes the police the publisher of both the official statement and newspaper article.,有人在校园里遭到殴打和抢劫，不得不住院治疗。袭击者戴着面具。官方声明会和新闻报道一起发出。杜鲁门和罗德尼都认为尽管周围有摄像头，但校园安保不达标。,有个人在校园被打和抢，正在医院恢复。攻击者戴着面具，警方将发布官方声明并发表报纸文章。大家猜测攻击者可能是学生，甚至可能只是为了好玩。尽管校园有监控摄像头，但安全卫士效率不高。希望犯罪分子能尽快被捕。,"Rodney: Have you heard a guy got beaten and mugged on campus?
 Truman: Oh, man is he ok?
 Ross: Do they have any idea who did it?
 Rodney: They're gonna give an official statement about. There's also gonna be an article in the paper. As far as I know the assailant had a mask on.
 Truman: And what about the beaten guy?
 Rodney: He's in the hospital, but it seems like he'll be fine.
 Ross: You think it was a student?
 Rodney: Who knows what those jocks are capable of.
 Ross: They could do it just for fun.
 Truman: On the other hand its easy to get on campus without being detected
 Ross: There are cameras.
 Truman: If your masked it don't matter. You know how those security guards are
 Rodney: They don't give a fuck
 Ross: True that
 Truman: Hope they catch the guy soon",35.79,12.9,33.68,75.76,3.346332073,3.981938124,4.149349689,3.129859686,1.369863
aya-expanse:8b,54,NO-ERROR,LANG,The summary accurately reflects the dialogue's key facts and relations.,哈维尔最初很想在warsaw ink纹身，但价格太高了。他决定去哥伦比亚做纹身。,Javier 问 Judie 是否知道当地有没有英语服务的老板纹身店。Judie 推荐了“Warsaw Ink”，并展示了他女朋友在那里纹身的照片。Javier 很喜欢，但考虑到价格是1000，决定还是回哥伦比亚纹身。,"Javier: Hey do you know any tattoo parlors over here with English speaking employees?
 Judie: Oh there's Warsaw ink
 Javier: the name sounds neat... have you had a tattoo done there?
 Judie: nope but my gf has
 Javier: got a pic?
 Judie: <file_photo>
 Javier: wow that looks amazing
 Javier: how much did she pay?
 Judie: it was a 1000
 Javier: fuck
 Javier: let me just get a tatttoo back in colombia then, thx",40,10.96,29.33,71.1,3.039154768,3.875757217,3.757377386,2.732718468,2.641026
aya-expanse:8b,55,H-ROLE|H-CIRC,H-ROLE|H-CIRC,It puts Thomas rather than Zoey in the tropics and changes a walk around the summit into a summit climb.,托马斯住的地方晚上的温度是零下3摄氏度。早晨有霜。佐伊在热带。托马斯星期天在贝尔钦峰附近散步。,Zoe 发了一张冷天鼓励的GIF给朋友们，并询问他们的健康状况。Thomas回复说他们在热带地区，晚上温度降至-3度，早上有白霜。他们周末在冰风中爬上了Belchen山顶，享受了阳光明媚和意外的晒黑。Zoe表示很漂亮，但希望暂时避开这样的天气。他们约定很快联系。,"Zoey: Hello dear friends, here something to cheer you up on a cold day.
 Zoey: <file_gif>
 Thomas: LOL
 Thomas: Hi there in the tropics! How are you doing?
 Zoey: Staying healthy? Everything's ok?
 Thomas: We are fine, thanks. Everything here is ok. At night the temps fall to -3. Nice white ground frost in the morning.
 Thomas: <file_photo>
 Zoey: Looks so pretty! But we're happy to give these views a miss for a while :)
 Thomas: On Sunday we had a walk around the summit of Belchen - in icy wind but by brilliant sunshine. I think we even got some suntan!
 Thomas: <file_photo>
 Zoey: Gosh! That's pretty! You'll hear from us soon. Take care!
 Thomas: You too!",18.56,0,14.43,67.13,2.606315851,4.178759575,4.349484921,2.588867188,2.765957
aya-expanse:8b,56,H-ENT,H-ENT,It incorrectly changes Chloe's name to Joey.,詹姆斯通知说下一届aseees会议将在旧金山举行。克洛伊希望去夏威夷，詹姆斯认为不会去夏威夷举办会议，因为交通费用太高昂了。,艾米丽问下一次ASEEES会议将在哪里举行。乔伊表示不知道，但这是一个好问题。詹姆斯听说过在加利福尼亚，具体是旧金山。乔伊希望会议能去夏威夷，但詹姆斯认为由于1993年最后一次在那里举行的会议因交通费用高而受到批评，未来可能不会太快实现。,"Emily: Does anybody now where the next ASEEES conference takes place?
 Chloe: Actually I have no idea, but a good question
 James: I've heard somewhere in California
 James: Yes, San Francisco!
 Chloe: not bad, but I really hoped for Hawaii 
 James: hahaha, oh yes, but it won't happen too soon
 Chloe: why do you think so?
 James: The last conference there in 1993 was criticised for the high costs of traveling to the place
 Chloes: I see, pity",41.67,19.15,33.33,78.47,3.583489180,3.749394178,3.921402693,3.097704649,1.919355
aya-expanse:8b,57,H-ROLE,H-ROLE,It changes Greg's own 60-minute routine into advice that Rob should exercise for 60 minutes.,罗伯想开始每天做30分钟的体育运动。格雷格已经做了60分钟。安娜想像罗伯一样开始锻炼。,罗布发起“离沙发挑战”，计划每天进行30分钟的运动。格雷格支持他，建议至少60分钟。威尔鼓励罗布保持现实，不要太苛刻。安娜也加入挑战，表示30分钟的运动是合理的。格雷格建议选择自己喜欢的运动，如步行、骑行或游泳等。安娜表示需要大家的支持。,"Rob: I wanna start Get off the couch challenge! Who's with me? I'm gonna start with 30 min of activity every day.
 Greg: way ahead of you mate! at least 60 min a day!
 Rob: good for you! 30 min a day is gonna be challenging for me!
 Greg: good luck then!
 Will: don't be too hard on yourself. better to be realistic. fingers crossed!
 Anna: i'm in! 30 min sounds reasonable! 
 Greg: look for variety of exercises such as walking, biking, swimming whatever you enjoy!
 Anna: i'm gonna need lots of support from you guys!",21.74,13.33,21.74,69.78,3.515910625,3.979403019,3.972090244,3.084578514,2.767442
aya-expanse:8b,58,NO-ERROR,H-MOD,The summary accurately reflects the dialogue's key facts and relations.,沃克和布克计划整晚玩游戏。沃克会把布克想要的xbox游戏机带来。,布克尔提醒沃克带上Xbox游戏机。沃克认为布克尔不喜欢这款游戏机，但提到它的握持感很棒。布克尔笑着同意了。沃克决定也带一个。他们计划通宵玩游戏。,"Booker: dont forget to carry your Xbox console
 Walker: i thought you dont like the console
 Walker: the grip is amazing
 Booker: haha, yeah it is
 Walker: okay then, ill come with one
 Booker: gaming all night is the plan
 Walker: yaas",24.14,3.57,10.34,74.82,3.233731747,3.783300638,3.857971907,3.039674997,2.250000
aya-expanse:8b,59,NO-ERROR,NO-ERROR,The summary accurately reflects the dialogue's key facts and relations.,马里奥正在卢森堡的机场候机。,马里奥今天飞遍了欧洲所有机场，感到非常疲惫。他目前在卢森堡等待。埃迪鼓励他享受旅程。莫说这是因为马里奥喜欢飞行。天气良好，否则他可能不得不乘坐火车旅行。莫提醒马里奥注意安全。马里奥也向莫表示感谢。,"Mario: I’ve landed in every airport in Europe today - completely whacked out dude.
 Klara: Where are you now?
 Mario: Waiting in Luxembourg now.
 Eddie: Have fun dude.
 Moe: Only because you love flying so much 😉
 Mario: weather was good for flying everywhere 🙂 Otherwise it would have been trains everywhere 🙂
 Moe: Mario be safe bro
 Mario: You too bro 🙂",10.34,0,6.9,66.63,3.020522118,4.231998444,4.078999519,3.333421230,7.000000
aya-expanse:8b,60,NO-ERROR,NO-ERROR,The summary accurately reflects the dialogue's key facts and relations.,约翰不确定今天是否有训练，但马特说有。,约翰问今天有没有练习，马特回答说应该有。约翰高兴地表示感谢并约定在练习时见，马特回复了“见”。,"John: do we have practice today?
 Matt: yea think so
 John: great thanks see ya there
 Matt: see ya",30.77,0,30.77,74.03,2.983984947,3.976161957,3.740938902,2.648435831,2.473684
aya-expanse:8b,61,H-CIRC|OMIT,H-CIRC|OMIT,It changes 'two bottles yesterday' to 'two days ago' and omits that Martin will buy two more.,马丁完成计划后将给亚历克斯买两瓶牛奶。,亚历克斯请马丁买牛奶，马丁刚买了两天前。亚历克斯说最近想喝牛奶。马丁表示因为要完成项目，两小时后会给她买。亚历克斯称他为英雄。,"Alex: Hon, could you buy some milk?
 Martin: You kiddin me, I just bought two yesterday
 Alex: Well, I have nothing for my defense, I'm just craving milk lately:D
 Martin: You're lucky that I love you, two milks coming up in couple of hours, I gotta finish the project
 Alex: You are my hero!",25.53,0,17.02,73.81,3.516676903,3.921964645,3.993057013,3.063449144,3.315789
aya-expanse:8b,62,NO-ERROR,NO-ERROR,The summary accurately reflects the dialogue's key facts and relations.,布莱尔和恰克下班后要去诺娜·丽塔餐厅见婚礼策划人。诺娜·丽塔餐厅供应的意大利面条非常好。,布莱尔和查克计划在下班后见婚礼策划师，地点在非娜丽塔餐厅。查克想点这里的海鲜意面，但他们也记得上次见黛安时那场令人难忘的番茄酱灾难，两人不禁发笑。,"Blair: Remember we are seeing the wedding planner after work
 Chuck: Sure, where are we meeting her?
 Blair: At Nonna Rita's
 Chuck: Can I order their seafood tagliatelle or are we just having coffee with her? I've been dreaming about it since we went there last month
 Blair: Haha sure why not
 Chuck: Well we both remmber the spaghetti pomodoro disaster from our last meeting with Diane
 Blair: Omg hahaha it was all over her white blouse
 Chuck: :D
 Blair: :P",29.03,3.33,25.81,72.83,3.300705433,3.823739290,3.874268055,2.983024120,1.659091
aya-expanse:8b,63,H-ROLE,H-ROLE|LANG,It reverses ownership of the pillow Cole asks Luis to pass.,科尔和路易斯坐在同一个房间里，却在发短信。,"科尔：嘿，室友（笑）
 路易斯：我们可是在同一间房间啊！
 科尔：哈哈，有趣。
 路易斯：唉，不要来要我的枕头了。
 科尔：来，说说吧。
 路易斯：不，我不会通过短信和你这种人说话——他正坐在我旁边几英寸远。
 科尔：（笑）","Cole: hey roomie XD XD
 Luis: dude we are in the SAME DAMN ROOM
 Cole: its funny XD
 Luis: -_-
 Cole: pass me my pillow xD
 Luis: not until you say it to my face
 Cole: dude cmon 
 Luis: ...
 Cole: oh youre not gonna talk to your roommate now
 Luis: im not gonna text an idiot whos practically sitting just a few inches from me -_-
 Cole: xD",17.28,0,9.88,66.62,3.981084108,4.839324474,4.869152546,4.509684563,4.761905
aya-expanse:8b,64,NO-ERROR,NO-ERROR,The summary accurately reflects the dialogue's key facts and relations.,切尔西今天下午赢了哈德斯菲尔德的一场比赛。伊瓜因两度得分。达米安很高兴，他希望这将是切尔西的转折点。,达米安告诉雅各布和梅森，切尔西队比赛中的希瓜因两度得分让他非常高兴。尽管对手是排名靠后的胡德尼特队，但这终于是一次积极的转变。雅各布认为这可能不是转折点，而梅森则表示胡德尼特队水平很低。达米安仍保持乐观，希望这能成为球队的转机。,"Damian: guys did u watch Chelsea game
 Jacob: no
 Mason: nah, i was busy all afternoon
 Damian: Higuain scored twice! so happy for him
 Damian: I know it was just Huddersfield, but finally something positive happened
 Jacob: having a striker makes a difference
 Damian: yup
 Mason: but cmon huddersfield is abysmal
 Damian: don't be like that, im happy for the team, maybe this will be a turning point
 Jacob: no, I don't think so
 Mason: ha good luck with that",34.04,6.52,21.28,73.06,3.201710939,4.140236855,3.988237619,2.846632957,2.280000
aya-expanse:8b,65,H-CIRC,H-CIRC,It invents euros as the currency for the price of 39.,玛伦半小时后就要去镇上了。她将给丽塔买一件礼物——凯泽的带黄色花纹的丝巾。它的售价为39，巴利和玛伦一人出一半钱。,马伦恩即将去城镇，建议巴里为丽塔挑选礼物。巴里没有想法，马伦恩在凯瑟商店看到了丝绸围巾，并发了照片给巴里。巴里建议选择带有黄色图案的围巾，因为丽塔喜欢黄色。马伦恩表示那是五件中最贵的一件，价格为39欧。巴里觉得不贵，同意以50/50的价格购买。,"Marleen: Hello my dear, I'll be leaving in half an hour to go to town. If you have any idea for a present for Rita let me know.
 Marleen: Text me here with your ideas for a present for her.
 Barry: But I've got none! I leave the choice entirely to you.
 Barry: I'm at home now.
 Marleen: Am at Kaiser's. Lovely silk kerchiefs. What do you think?
 Barry: One can't have too many!
 Marleen: But isn't it a bit too personal?
 Barry: Not at all.
 Marleen: <file_photo>
 Marleen: Which?
 Barry: The one with yellow pattern, definitely. She loves yellow.
 Marleen: The most expensive of the five.
 Barry: How much?
 Marleen: 39
 Barry: Oh come on. Not so bad.
 Marleen: Shall we go 50/50?
 Barry: OK",26.17,3.81,20.56,69.76,3.952604532,4.034192085,4.102892399,3.179796457,2.140351
aya-expanse:8b,66,NO-ERROR,NO-ERROR,The summary accurately reflects the dialogue's key facts and relations.,布鲁克要盖尔过来看看昨天发生了什么。,昨天发生了点事，布鲁克让盖尔回来看看。盖尔问情况严重吗？布鲁克建议他回家。盖尔说马上就到。,"Brook: something happened yesterday, you need to come and see
 Gyle: is it bad?
 Brook: you better come home
 Gyle: On my way",34.29,12.12,17.14,75.74,3.199820042,3.790375948,3.880349636,3.083240747,2.500000
aya-expanse:8b,67,LANG,LANG,The output reproduces speaker turns instead of providing a summary.,凯特、米丽娜和里贾娜的演讲进行得很顺利，三个人来听他们的演讲。,"米莱娜：演讲怎么样？
 凯特：很好。
 雷吉娜：是的，我们收到了积极的反馈。
 米莱娜：你有多少人来听你的演讲？
 雷吉娜：三个人，但我们知道会是一个温馨、友好的氛围。
 米莱娜：有时候一个小但热情的观众比无聊的人群要好。
 凯特：完全同意。","Milena: How was the presentation?
 Kate: very good
 Regina: yes, we had a good feedback
 Milena: how many people came to listen to you?
 Regina: 3 but we new it will be very cosy, friendly thing
 Milena: sometimes a small but interested audience is better than random bored people
 Kate: exactly",24.18,8.99,17.58,65.41,2.732972383,3.723423719,3.751284838,2.794140339,3.516129
aya-expanse:8b,68,NO-ERROR,NO-ERROR,The summary accurately reflects the dialogue's key facts and relations.,杰克今年拿到了第一个totw ，汤姆的团队并不出色。,杰克刚抽中了本年的首张“TOTW”卡。他计划在尝试过几场比赛后出售，因为该球员不适合他的阵容。汤姆表示今年运气不佳，没有抽到优秀球员。杰克安慰他说，作为游戏高手，他不需要帮助。,"Jake: dude, I just pulled a TOTW
 Jake: my first this year!
 Tom: grats!
 Tom: gonna sell it?
 Jake: yeah
 Jake: I'll try him in one or two matches
 Jake: he's not a good fit for my squads
 Tom: you'll have plenty of coins to buy someone that fits
 Jake: that's the plan
 Jake: I got lucky with this one
 Tom: my pull luck sucks this year
 Tom: not a single great player 
 Jake: you're good at the game
 Jake: you don't need help :P
 Tom: I like shiny things :P",22.86,5.88,17.14,69.44,3.576072931,3.852822781,3.996872663,2.935658932,3.520000
aya-expanse:8b,69,LANG,LANG,The output reproduces speaker turns instead of providing a summary.,凯斯送给外孙乔丹20英镑和一张生日卡，作为他11岁生日的礼物。,"卡丝：亲爱的，你生日卡片和钱收到了吗？
 

 乔丹：嗨，奶奶！谢谢20英镑。对不起，我没提前打电话给你。
 

 卡丝：你还是喜欢托马斯小火车吧？我特意挑的。
 

 乔丹：是的，奶奶。我永远爱他！下次，给我买一个足球主题的吧？我现在11岁了！
 

 卡丝：我知道，你长得很快。爱你！
 

 乔丹：爱你，奶奶！","Cass: Hi darling, did you get your birthday card and money on time?
 Jordan: hello Nanna! Thanks for the £20. Sorry I didn't ring you before.
 Cass: you still like Thomas the Tank engine don't you? I picked it specially.
 Jordan: Yes, Nanna. I will always love him! Next time, get me a football one or something. I mean, I'm 11 now!
 Cass: I know, you are so grown up. Love you xxxxx
 Jordan: Love you, Nan xx",17.86,3.64,12.5,59.77,4.743051052,4.675529480,4.782354355,4.401534081,4.290323
aya-expanse:8b,70,H-EVT,H-EVT,It changes Kelly choosing the first question into Kelly wanting to answer first.,对杰西卡来说，最恐怖的地方是巴勒莫的僧帽猴地下墓穴。,凯利想先回答问题。杰西卡分享了她在意大利巴勒莫的经历，提到那里有著名的卡普奇尼地下墓穴，里面有8000具尸体。她描述道，这些尸体被展示在像博物馆展品一样，大部分穿着衣服，只有头骨和手。米基和奥利对这个故事感到兴奋，决定记下来。,"Kelly: Oh! Oh! Can I pick the first question?
 Jessica: Sure. Go for it!
 Kelly: What's the scariest place you've been to!
 Jessica: I'll start: Palermo in Italy.
 Mickey: And what's so scary about that? Did you break your nail? :P
 Jessica: Shut it, Mickey! No, there are the Capuchin Catacombs with 8000 corpses! 
 Kelly: Ewwww! Corpses? Rly?
 Jessica: Yeah! And you can look at them like museum exhibits. I think they're divided somehow, but have no clue how!
 Ollie: That's so cool! Do you get to see the bones or are they covered up?
 Jessica: Well, partly. Most of them were exhibited in their clothes. Basically only skulls and hands. 
 Mickey: I'm writing this one down! That's so precious!
 Ollie: Me too!",20,5.13,12.5,64.78,2.355443239,3.105425596,2.884539127,2.215308666,4.346154
aya-expanse:8b,71,H-DISC,H-DISC,It distorts economic backwardness being an advantage into an opportunity to become backward.,西蒙和查理钦佩波兰的反移民政策和捍卫自身价值观和利益的方式。,"西蒙和查理讨论了欧盟的移民政策对欧洲各国安全的影响。他们分析了德国、比利时和巴黎在节日期间采取的安全措施，同时强调波兰作为最后一个未受到无控制移民和恐怖主义影响的国家的独特地位。
 

 西蒙认为波兰有机会在经济上落后几十年，但也可以避免其他西方国家犯下的错误，快速发展。他赞扬波兰人民捍卫价值观和利益的意志，并预测未来波兰可能成为欧洲内部解决问题的主要力量。
 

 查理则担忧波兰内部冲突的风险，但两人都希望波兰能度过难关，享受一个安宁的圣诞节。","Simon: <file_photo>
 Simon: It's funny and scary at the same time.
 Simon: BTW it's so annoying that people can't see that such immigration policy reduces safety level for citizens of EU significantly
 Charlie: This photo is great. It totally shows what do we all mean when we criticize EU policy. 
 Charlie: Berlin has put concrete blocks around Christmas fair, Belgium has soldiers running armed around cities and Paris has mass demonstrations and car arsons happening all over the city.
 Charlie: Poland though...
 Charlie: One of the last countries unspoilt by uncontrolled migration and terrorism
 Charlie: The question is - for how long...
 Simon: I always say that there is advantage of the polish situation
 Simon: I mean being economically delayed for few decades
 Simon: Poland has a chance to develop in fast pace and at the same time has a position to avoid all the mistakes other western powers made.
 Simon: The worst thing is that the country is being ostracized by defending it's values and interests. 
 Charlie: Yup. And as long as there are people in Poland ready to defend that values, the country will be marginalized by every other nation.
 Simon: I admire Poles.
 Simon: I admire them for they will to fight.
 Simon: They never give up.
 Charlie: Different countries tried to eliminate them from the map.
 Simon: I tell you, there will be time, when only Poland will have power to fight with internal problems of Europe.
 Charlie: Maybe. But there is a risk that internal conflict will rip the country apart.
 Simon: Let's hope not.
 Charlie: Yup. To conclude: Christmas in Poland will be the best Christmas in Europe :D
 Simon: I agree :)",19.26,9.02,17.78,68.29,3.336988926,3.963824034,4.107819557,3.604941845,7.166667
aya-expanse:8b,72,H-DISC|H-EVT,H-DISC|H-EVT,It treats the group's satire as sincere support and turns Matt's joke into a real threat.,艾德、瓦莱丽、里斯、罗、艾妮、杰西卡、马特都在嘲笑没有婚姻的性爱的罪恶。,Ed 认为性行为仅限已婚夫妇，并严厉批评其他人的观点。Valerie 和 Chris 反驳说，即使是传统任务式性行为也并非绝对正确。Lor 幽默地表示，如果不遵守这些规则，在来世可能会感到内疚。Atnee 和 Jessica 支持 Ed 的观点，认为性行为的唯一目的是生育。Matt 开玩笑地威胁要把Ed送入地狱。Ed 坚定地维护自己的立场，拒绝看其他男性。,"Ed: Sinners!! Sex is for married people
 Valerie: double sin if it’s anything but missionary style!
 Chris: Then you go get married & leave us all alone
 Lor: You better hope all non sin living is worth it or your consciousness after death is going to be butt hurt for eternity lol
 Atnee: Ed, take it easy
 Jessica: And the only purpose for sex is to make babies! !! That's it, hahaha 😂
 Atnee: Lol
 Ed: Valerie , triple sin if you enjoy it!
 Jessica: And only for procreation. :-))) And not to be enjoyed. :-)))
 Matt: Ed, Ok. See you in hell !! 😂
 Ed: Matt , No you won’t. I don’t even look on the direction of another man",15,0,15,59.89,1.995623350,3.637745857,3.757620573,2.208106518,4.638889
aya-expanse:8b,73,LANG,LANG,The output reproduces speaker turns instead of providing a summary.,迈克在伦敦。,"杰克：天啊！你在伦敦？！
 迈克：（附照片）
 迈克：是的，兄弟！梦想成真了！
 杰克：酷！恭喜你！","Jake: Maaaan! you in london?!
 Mike: <file_photo>
 Mike: yeah mate! dreams coming true!
 Jake: cool! congrats!",18.18,6.45,12.12,65.25,2.602609158,4.187593460,4.260396481,3.846575975,7.333333
aya-expanse:8b,74,H-CIRC|OMIT,H-CIRC|OMIT,It changes 60 minutes of play into the first half and omits Jose's trust in the player.,里奇和克莱看了一场非常精彩的足球比赛，一个足球运动员把球铲回自己的脚边，特别刺激。何塞信任那个球员。,里奇和克莱讨论了波格巴的出色表现。里奇称赞波格巴的进球，并指出他在赛季中变得更加成熟。克莱同意，并认为波格巴值得在上半场后得到进球奖励。他们都对波格巴的表现感到高兴。,"Richie: Pogba
 Clay: Pogboom
 Richie: what a s strike yoh!
 Clay: was off the seat the moment he chopped the ball back to his right foot
 Richie: me too dude
 Clay: hope his form lasts
 Richie: This season he's more mature
 Clay: Yeah, Jose has his trust in him
 Richie: everyone does
 Clay: yeah, he really deserved to score after his first 60 minutes
 Richie: reward
 Clay: yeah man
 Richie: cool then 
 Clay: cool",22.78,5.19,22.78,63.49,3.211324930,3.912443876,3.985480309,2.780253172,1.660000
aya-expanse:8b,75,NO-ERROR,NO-ERROR,The summary accurately reflects the dialogue's key facts and relations.,亚历克看到美国的达人秀，他发了个链接给亚莉克莎。,亚历克问艾丽莎是否看过最近的《美国达人秀》。艾丽莎没有看。亚历克发送了一个视频链接，但最初无法打开。经过一会儿，链接成功了。亚历克建议艾丽莎观看，并表示她会喜欢的。艾丽莎同意，并称赞那个女孩很棒。她表示希望自己年轻时有那女孩一半的技能。亚历克也认为那个女孩表现出色，甚至可能赢得该届比赛。艾丽莎问亚历克是否看过所有参赛者，亚历克回答是的，并表示他个人觉得那个女孩是最好的。艾丽莎希望她能获胜。,"Alec: Have you seen the last America's got talent?
 Alexa: No. 
 Alexa: Interesting? 
 Alec: <file_other>
 Alexa: The link doesn't work. 
 Alec: Give me a sec.
 Alec: <file _other>
 Alexa: Now it's working!
 Alec: good, watch it, u'll like it
 Alexa: you're right, I like it :)
 Alexa: The girl is amazing!
 Alec: :)
 Alexa: I wish I have had half her skills when I was her age! 
 Alec: She's very good, that's true. 
 Alec: I even thik she might win the edition.
 Alexa: Did you see all candidates?
 Alec: yes
 Alec: And there're a few good, but I personally think she's the best!
 Alexa: I'd be glad if she wins :)",9.45,0,7.87,67.03,3.267062664,4.140565872,4.140560150,3.665133953,8.166667
aya-expanse:8b,76,LANG,LANG,The output reproduces speaker turns instead of providing a summary.,詹姆斯要去上班，所以他不看比赛。,"汉娜：你在看比赛吗？
 詹姆斯：不，我要去工作。
 汉娜：哦，好的。","Hannah: Are you watching the game?
 James: No I am head to work : ( 
 Hannah: Oh okay",37.5,6.67,18.75,72.16,2.753937721,4.877734184,4.826933861,4.319472313,1.875000
aya-expanse:8b,77,LANG,LANG,The output reproduces speaker turns instead of providing a summary.,在多尔夫的提醒下，齐格勒明天会把护照带来。,"多尔夫：明天记得带护照。
 齐格勒：好的，我会记住的。","Dolph: hey
 Dolph: remember to bring your passport tomorrow
 Ziggler: Cool, i will",48.28,14.81,34.48,73.84,2.874571323,4.109178543,4.049514294,3.313618898,1.190476
aya-expanse:8b,78,NO-ERROR,NO-ERROR,The summary accurately reflects the dialogue's key facts and relations.,威廉在做意大利面，奥莉维亚会给威廉买新鲜的西红柿，贝丝会买巧克力。,威廉正在做意大利面，请奥利维亚买一些新鲜番茄。贝丝会买点巧克力作为晚餐后甜点。,"William: hey im making spaghetti
 William: could you please buy some fresh tomatoes
 William: pretty please :)
 Olivia: no problem dear :)
 William: and Beth? it wouldn't hurt to have some chocolate for after the dinner :D
 Beth: I'm on it :D",51.28,21.62,51.28,83.88,4.184985161,4.622252941,4.636034489,3.668666124,1.181818
aya-expanse:8b,79,NO-ERROR,NO-ERROR,The summary accurately reflects the dialogue's key facts and relations.,蒂娜必须学习黛米的方法，即如何从讨厌男人转变成和他们约会。,蒂娜（Tina）抱怨Facebook不断推荐帕特里克（Patrick），德米（Demi）笑了。蒂娜表示她需要学习如何从仇视男性到与他们建立关系，并提到在经历重大心碎后，德米成功地改变了自己。她们讨论了关于喜欢不同类型男性的观点，并计划组织相关工作坊。蒂娜表示她只喜欢一种类型，但德米建议她放松一点，探索其他可能性。蒂娜表达了希望独立于他人情绪的需求，德米表示理解。她们约定见面，并开玩笑说如果蒂娜无家可归，德米会收留她。,"Tina: Hey, Facebook is constantly non stop suggesting Patrick
 Demi: Hahahahaha 
 Tina: I think I have to catch a bit of your approach
 Demi: He's a god. What do you mean...?
 Tina: I have to learn how to transfer from hating men to fucking them haha
 Demi: (Y)
 Tina: as soon as possible
 Demi: Haha! Yeah. I did it, you're right. But i worked on it hard after a huge heartbreak
 Tina: <file_gif>
 Demi: (Y) currently i like men. you have to be chilled with them ;)
 Tina: <file_gif>
 Demi: :D maybe its a mistake... i dont know. Lets organize workshops on that :D
 Tina: I only like one type :D yes plz do it haha
 Demi: Done! but maybe you should chill a bit, look around for ather types ...and see what happens
 Tina: I only dont what my mood depend so much on other people
 Demi: I know! I know it well!
 Tina: this renting case is eating me
 Demi: you have to isolate one bit inside that will be always independent
 Tina: we have to meet, crazy girl!
 Demi: for sure. if youre homeless i will take under my roof
 Tina: between the guyshaha
 Demi: we ll find something
 Tina: <3",10.69,1.55,7.63,65.75,3.643151760,4.066765785,4.219170570,3.457910538,7.241379
aya-expanse:8b,80,H-ENT,,It mistranslates 'function' as a technical feature rather than an event.,埃文会让伊森来的。,艾莉森问埃文是否和伊桑讨论了功能问题。埃文回答已经这样做了，并说伊桑可能不会来。艾莉森要求埃文想办法让伊桑来，埃文表示会尽力。,"Allison: You talked to Ethan about the function? 
 Evan: Yeah I did
 Allison: What did he say?
 Evan: He might not come
 Allison: Can you do something about that?
 Evan: I will try to make him come
 Allison: K",13.95,0,9.3,69.09,2.585072279,4.012783051,3.883426666,2.999432564,7.000000
aya-expanse:8b,81,H-CIRC,,It changes the proposed retake from next year to next semester.,巴特这学期成绩不好，因为他学习不多。他花很多时间玩星际争霸。阿德里安考得好是因为上课专心听讲。,巴特已经收到了自己的成绩单，发现整个学期都表现不佳。他因为经济学的最终考试失败而感到沮丧。阿德里安建议他下学期再考，并分享了自己的学习方法——上课认真听讲，不需要花太多时间复习。巴特承认自己因为玩《星际争霸》而分心，承诺不再在学校期间玩游戏，但表示会适量娱乐。,"Adrian: Did you get your grades yet?
 Bart: Yeah. My whole semester is screwed up now.
 Adrian: Wait whaaat? Why?
 Bart: Well, I bombed my economy final and ended up with a bad score..
 Adrian: Ouch. That must hurt :/ 
 Bart: Well, it's my fault because I didn't study as much as I should have.
 Adrian: Why don't you re-take the class next year?
 Bart: That's what I plan on doing unless I keep screwing up. How did you do this semester?
 Adrian: I didn't do that bad. I ended up with a reasonable grade.
 Bart: Well someone did his homework :p
 Adrian: I just pay attention during class, I don't study that much actually.
 Bart: Classes are boring, can't pay attention for too long...
 Adrian: Anyway, why didn't you study for the economy final? 
 Bart: Let's just say I screwed up more than my econ class.
 Adrian: What happened?
 Bart: I started playing StarCraft and ended up wasting a lot of time.
 Adrian: Oooohh I know that game but you better stop slacking off.
 Bart: You're right. I'm not going to play games during school anymore.
 Adrian: You can play them, just don't loose focus and study for the exams :p
 Bart: Let's see how it goes xD",27.08,4.26,20.83,71.83,3.696356297,3.746792793,3.996495724,3.443576574,2.765957
aya-expanse:8b,82,H-ROLE,,It mixes up Sean calling Tiffany a wasp with Tiffany saying Sean may be haunted.,肖恩相信他的灵兽是乌龟，而蒂芙尼可能是黄蜂。,肖恩经过深思熟虑后决定自己的精神动物是乌龟。他最近才知道每个人都有一个，感觉很迷失，不知道自己到底是谁。经过多日思考，他终于确定自己是乌龟。蒂芙尼认为他可能只是被困扰了，建议他可能不是乌龟，而是黄蜂。,"Sean: After much thought I’ve decided that my spirit animal is a tortoise. Apparently everyone has one now, I only found out about this recently. Tbh I felt lost, like who even am I? After many days of thinking about I finally decided that I am in fact a tortoise.
 Tiffany: That would explain a lot.
 Sean: You would be a wasp.
 Tiffany: Are you sure you're a turtle? Maybe you're just haunted.",24.32,5.56,18.92,71.25,3.693342924,3.983312845,4.198701859,3.691142082,4.545455
aya-expanse:8b,83,H-ROLE,,"It says George initiated the question about fruit, although Kate did.",凯特正在给她和乔治买苹果。他们得等到下周才能买到橘子。,凯特在超市，乔治问她是否为明天学校买些水果。乔治想要一个苹果，凯特也打算买一个。乔治还询问橙子是否有货，凯特回答下周才到货。,"Kate: I'm at the grocery store. Do you like some fruits for school tomorrow?
 George: Oh yes please, an apple would be great
 Kate: Okay, I'm getting me one too
 George: Do they have tangerines yet?
 Kate: No the're coming next week, I asked already:D
 George: Okat then we have to wait",28.57,3.7,21.43,71.54,3.637314081,4.004369736,4.044694901,3.150078058,2.296296
aya-expanse:8b,84,H-ENT,,It changes the giraffe in the Skittles commercial into a zebra.,茱莉亚回来后会给罗纳德打电话，他有事要告诉她。,罗纳德问朱莉周末过得怎么样，朱莉回答还好但家里有些不和谐，父母在争论吃什么。朱莉表示不再想和他们一起吃饭。罗纳德表示同情并邀请朱莉周末后打电话给他，说有事情要告诉她，可能会让她开心起来。朱莉调侃地回应说她看到了“彩虹斑马”。,"Ronald: How's your weekend?
 Julia: Fine I guess...
 Ronald: Doesn't sound like you're enjoying it
 Julia: Ehh. My parents are having a fight over where should we eat
 Julia: And honestly I don't event want to eat with them anymore
 Ronald: I'm sorry
 Julia: Yup. Me too.
 Ronald: Call me when you get back.
 Ronald: I've got something to tell you, and I'm sure you're gonna piss rainbows
 Julia: Hahaha. I can see the giraffe from Skittles comercial :D
 Ronald: Sth like that",20.51,5.26,15.38,69.12,3.736596346,3.969122410,4.074217796,3.418635845,4.869565
aya-expanse:8b,85,H-ROLE,,It assigns the good-night wish to Matthew instead of Lisa.,马修感冒了，他要喝些橙汁，然后去睡觉。,马修感冒了，需要大家支持。丽莎建议他喝橙汁，做点汤，并鼓励他坚持下去。马修表示会尝试。他透露可能是过敏加上病毒导致的。丽莎表示很抱歉，建议他休息，好好睡觉。马修同意，并祝晚安。,"Matthew: I have a cold. Need y'all support. It's painful
 Lisa: Fight it. Drink orange juice. Make some soup
 Matthew: I'll try
 Lisa: I believe in u 
 Matthew: Thank u. Apparently it's an allergy mixed up with virus
 Lisa: Ahh it sucks. 
 Lisa: Take a rest from evrthg.  
 Matthew: Ikr. Hitting the hay now
 Lisa: Good night 'Thew!",24.24,15.62,24.24,72.28,4.195843697,4.341154099,4.496795177,3.814122915,4.631579
aya-expanse:8b,86,H-ENT,,It gives Umberto Eco an unsupported incorrect first name.,乔茜觉得艾柯的小说《福柯的钟摆》书呆子气。乔茜很想读意大利的艾柯，但她对自己的语言能力没有把握。斯特凡诺认为艾柯的两部小说很难。乔茜读过萨勒曼拉什迪对《福柯的钟摆》的一个负面评论。,斯蒂芬诺和乔西讨论了福柯的摆（Foucault's Pendulum）。乔西觉得这本书很奇怪，而且怀疑作者是不是意大利人。斯蒂芬诺解释说，乌菲克·埃科（Umberto Eco）是个“书呆子”，而不是所有意大利书籍都关于披萨、黑手党和曼多林。乔西表示她想尝试读原版意大利文小说，但担心自己的意大利语水平不足。斯蒂芬诺提到《玫瑰的名字》（The Name of the Rose）对非母语者来说非常困难。他解释说，《福柯的摆》设定在80年代，语言更容易理解，但内容同样复杂。乔西分享了她读过的萨曼·鲁什迪（Salman Rushdie）对《福柯的摆》的负面评论，称它不像小说，而像电脑游戏。斯蒂芬诺开玩笑说这很荒谬。两人最后开玩笑调侃对方。,"Stefano: Hi, Josie!
 Josie: Ciao, Stefano!
 Stefano: So, what about Foucault's Pendulum? Do you like it?
 Josie: It's... weird. Was it really written by an Italian guy? It's so... nerdy.
 Stefano: Oh well, in a sense Eco was the king of nerds. And, you know, not all Italian books are about pizza, mafia and mandolino. :P
 Josie: Yes, I know... I should try and read one of his novels in the original, but I'm not sure my level of Italian is adequate.
 Stefano: The Name of the Rose is really difficult for a foreign speaker of Italian, you know.
 Josie: And what about Foucault's Pendulum?
 Stefano: Well, it's set in the 1980s, so the language is definitely more comprehensible. The content, however, is just as complicated as in the other novel.
 Josie: Btw, I read Salman Rushdie's review of Pendulum, published in the 80s.
 Stefano: Really? What did he say?
 Josie: He hated it and said that it's not a novel, but rather a computer game.
 Stefano: What? Rotfl!
 Josie: That's what Salman said...
 Stefano: Oh well, de gustipus non est disputandum...
 Josie: De gustiBus!
 Stefano: I know, it was a typo!
 Josie: Disgusting pus!
 Stefano: Hahaha.
 Josie: Yuk! That's so creepy.
 Stefano: You're the one who said it!
 Josie: I know. ;)",27.31,8.89,20.26,70.47,2.726562262,3.540924788,3.803079367,2.734322071,3.455556
aya-expanse:8b,87,NO-ERROR,,The summary accurately reflects the dialogue's key facts and relations.,下雨了，所以瓦尔和坎迪要等半小时才走。,下雨了！Val建议出门会湿，Candy认为先等一会儿看看是否停雨。Val同意等待半小时再决定，并约定在那时通过电话商量。,"Val: it's raining!
 Candy: I know, just started...
 Val: r we going? we will be wet
 Candy: maybe wait a little? see if stops
 Val: ok. let's wait half h and than see
 Candy: god idea, I call u then
 Val: great :)",23.81,10,23.81,68.58,2.405369282,3.266927958,3.527332783,2.469705105,3.157895
aya-expanse:8b,88,OMIT,,It omits Sierra from the people who had not yet received the grant.,托马斯、谢拉和杰里米仍然没有收到赠款。托马斯破产了，每小时都要查看他的银行账户。塞拉提出借钱给他。,托马斯和杰里米都还没有收到资助。托马斯因为资金短缺而焦急地每小时检查一次银行账户。西拉安慰他，表示如果需要可以借给他一些钱，并建议他保持耐心。,"Tomas: Has anybody received the grant yet?
 Sierra: no, not yet
 Jeremy: I haven't checked even
 Tomas: I'm completely broke
 Tomas: checking my bank account every hour
 Tomas: but nothing's happening there
 Sierra: lol
 Sierra: be patient. If you need money I can lend you some, don't worry
 Tomas: Thanks, I hope they'll arrive any minute",49.28,17.91,37.68,79.22,3.838283539,3.891729832,4.025917530,3.046482325,1.448980
aya-expanse:8b,89,H-ROLE|OMIT,,It makes the hangover a shared experience and omits Camilla's Saturday errands.,卡米拉周六有一些差事要办。查尔斯本周末将访问德国市场。他们正在谈论圣诞食品和饮料。,查尔斯和卡米拉讨论了周末计划。查尔斯计划去伯明翰和曼彻斯特的德国市场，品尝香肠和啤酒。卡米拉表示会尝试去，因为她很久没有去过。他们还聊到了热红酒（多加香料的红葡萄酒），查尔斯推荐一定要试试。他们都开玩笑说自己会喝得头痛。最后，他们互相祝愿周末愉快。,"Charles: What are you up to this weekend?
 Camilla: Not much. Just some work and errands on Saturday, show Saturday night. Day of nothingness on Sundy.
 Charles: Sounds good. We are going to visit the German markets this weekend. Birmingham and Manchester both. Sausage overload!
 Camilla: Ooh, that sounds really good!
 Charles: Allegedly there are Christmas things going on but I just go for the sausage and beer!
 Camilla: What a shocker.
 Charles: I know!
 Camilla: I'll have to try to get there this year. I've not been for ages.
 Charles: Oh, yeah, they are good. Try the mulled wine too. That's nice.
 Camilla: Never had it. Is it served hot?
 Charles: Yes, exactly. And lots of spices. Usually a red but sometimes they offer a mulled white.
 Camilla: I'm good with red.
 Charles: Inspired us to make our own at Christmas last year, but nobody else drank it.
 Camilla: Bummer!
 Charles: More for me! But oh the hangover.
 Camilla: LOL!
 Charles: Anyway, that's the plan. Hope you have fun.
 Camilla: You too! 
 Charles: Thanks!",23.66,8.79,15.05,66.98,3.424622297,4.062095642,4.075767517,3.339425802,3.024390
aya-expanse:8b,90,LANG,,The output reproduces speaker turns instead of providing a summary.,戴安娜和拉塞尔在给妈妈买礼物。,Russell 发送了一张文件，并说：“看看这个，这是给妈妈的完美礼物：D” Diana 笑着点头，表示价格很合理。然后她问：“我们买它吗？” Russell 兴奋地回答：“当然！”,"Russel: <file_other>
 Russel: look at this
 Russel: It's a perfect present fo mum :D
 Diana: haha, so true! It's not that expensive either!
 Diana: are we buying it?
 Russel: yeah, let's do it :D",13.79,3.57,10.34,59.7,4.601106644,4.723890305,4.794567585,3.676757812,5.733333
aya-expanse:8b,91,LANG,,The output reproduces speaker turns instead of providing a summary.,安斯利病了，所以她现在不能帮简写论文。,"简：你现在有空吗？能帮我看看那篇论文吗？
 

 安斯利：抱歉，我生病了，不太能帮上忙。我感冒了，每两秒就打一个喷嚏。
 

 简：哦...好吧，希望你很快好起来...","Jane: Are u free now? Could u help me with that thesis?
 Ainsley: I'm sick won't be of much help sorry. I've got a cold and I'm sneezing like a little bitch every 2 seconds
 Jane: Oh... hmm ok. Hope u will get better soon...",16.67,3.45,13.33,66.27,2.800080299,4.927882195,4.925367355,4.738393784,3.894737
aya-expanse:8b,92,NO-ERROR,,The summary accurately reflects the dialogue's key facts and relations.,菲奥娜爱上了他的学生康拉德。,菲奥娜无法忍受与康拉德（她的学生）在一起的感觉，即使他只有她五岁。万达认为这种情况太过分，并指出菲奥娜对他的感情已经超出界限。菲奥娜承认自己无法控制这种情感，担心如果被上司发现会造成麻烦。万达鼓励她勇敢面对并采取行动。,"Fiona: I just can’t stand it
 Wanda: What again
 Fiona: When I’m in one room with him… I just go crazy
 Wanda: Conrad?
 Fiona: Yesss, he’s absolutely lovely!!
 Wanda: IT IS YOUR STUDENT
 Fiona: So what? I mean sure, I know it’s… inappropriate xd but still, he’s only 5 years younger than me
 Wanda: It’s so fucked up, I knew you are crazy before but it’s too much
 Fiona: I knoooow when I come back home after the class I can’t do anything for like an hour or two, I just listen to the music
 Wanda: You’re literally in love with him
 Fiona: I mean I don’t expect anything, we’re from different worlds but… Yes, I just want to be around him. All the time xd
 Wanda: So you need to do something about it
 Fiona: Are you crazy, I can’t!!
 Wanda: Why not
 Fiona: What would my boss say if she knew
 Wanda: Will she know?
 Fiona: How can I know what will he do, he can tell his mother as well
 Wanda: Just go for it!!",14.71,6.06,8.82,66.13,2.884543657,4.063350677,4.006632805,3.218590498,7.785714
aya-expanse:8b,93,H-DISC,,It presents the 17th as an agreed alternative even though Evans may also be away then.,玛格丽特和埃文斯计划在4日10点和11日11点会面。他们两人都不确定下一次见面的时间，所以他们会在晚些时候定一下约会的日期。,玛格丽特提议在12月4日和11日10点或11点见面，埃文斯确认了这两个时间。玛格丽特还提到了18日，但埃文斯不确定是否能到。他们同意如果18日不可行，可以改到17日，但埃文斯可能也无法参加。最终决定在12月4日10点见面，并约定下周再讨论其他时间。,"Margaret: Hi, in December I'd like to meet on 4th and 11th around 10:00 or 11:00. 
 Evans: Hi, 4th - we can meet at 10:00.
 Evans: And 11th - at 11:00. 
 Margaret: Okey. And what about 18th?
 Evans: I'm not sure about 18th. 
 Evans: I might not be in town. 
 Margaret: Okey, so we'll see. 
 Evans: Yes. And I'll let you know next week. 
 Margaret: If it's not 18th, maybe we could meet on 17th?
 Evans: If I go away, I won't also be 17th.
 Margaret: Okey, I get it. 
 Evans: But we could meet 14th, if you like?
 Margaret: Hm, I'm not sure whether I'm avaliable. 
 Evans: So let's set these dates later, ok?
 Margaret: Okey and we see each other 4th 10:00. 
 Evans: Yes!",35.09,16.07,26.32,74.04,3.118103027,3.888129473,3.984530210,2.929555178,2.000000
aya-expanse:8b,94,NO-ERROR,,The summary accurately reflects the dialogue's key facts and relations.,通过看照片，阿尔奇认为梅兰妮卷发更好看，路易斯不同意。,路易斯和阿奇在讨论一个GIF，看起来像梅兰妮。阿奇认为她以前留着卷发更漂亮，而路易斯则坚称直发更美。他们开玩笑地争论着，但都尊重对方的观点。,"Louis: <file_gif>
 Archie: Wtf? Lol!
 Louis: <file_gif>
 Archie: That one looks like Melanie
 Louis: True! Hahahahah
 Archie: Just like in this pic
 Archie: <file_photo>
 Louis: Lol! It's her!
 Archie: By the way, she was way hotter when she had cury hair
 Louis: I disagree, sir! She looks absolutely gorgeous with straight hair
 Archie: Oh well, you have the right to an opinion even if it's wrong XD",24.56,3.64,21.05,72.38,3.197440147,3.868765116,3.808062077,2.795321226,2.592593
aya-expanse:8b,95,NO-ERROR,,The summary accurately reflects the dialogue's key facts and relations.,琳达没赶上火车，下一班一小时后就到了。返回阿姆斯特丹的费用是80欧元。,林达错过了火车，约瑟夫询问下一次出发时间，得知一个小时后有下一班。达西安慰她这不是大灾难。林达表示票价高达80欧元，需要返回阿姆斯特丹，并表达了惊讶之情。,"Linda: I missed the train
 Joseph: When is the next one?
 Linda: In one hour
 Darcy: Not a tragedy
 Linda: It was 80 euros
 Linda: Return to Amsterdam
 Linda: I was shocked!!",37.5,16.13,25,75.06,3.537395239,4.050248146,4.091359138,2.886463642,2.200000
aya-expanse:8b,96,H-ROLE|H-MOD,,It reverses the thesis-supervisor relationship and falsely says Joanna had no recent contact.,莱万多夫斯卡得了麻疹。从17号到19号，所有和她接触过的人都在主楼接种疫苗。,他们正在通过邮件通知关于Lewandowska的情况。她因患上麻疹而住院。与她在过去几天内有过接触的人需要接种疫苗。乔安娜是她的论文导师，但幸运的是她没有在最近学期与她有过面对面的交流。学校将在17日至19日在主楼组织疫苗接种活动。乔安娜计划在18日工作前尽量完成接种。,"Joanna: They are sending emails about Lewandowska.
 Merve: What happened?
 Joanna: <file_photo> 
 Merve: Wooow!
 Joanna: She is hospitalized because she has measles.
 Merve: She had what?
 Joanna: Anyone who had contact with her within the last couple of days must get vaccinated.
 Merve: Luckily I didn't see her since the last semester...
 Joanna: I did, she is my thesis mentor :(
 Merve: What will you do?
 Joanna: They are organizing vaccinations in the main building from 17th until 19th.
 Merve: You have to go!
 Joanna: I know... And I just started working so I really don't have a lot of time.
 Merve: Come on, this is really important.
 Joanna: I will try to do it before work on 18th, hopefully I won't lose the entire day...",26.17,5.71,16.82,70.33,3.402068853,3.911036730,3.946104288,2.975665808,3.552632
aya-expanse:8b,97,LANG,,The output reproduces speaker turns instead of providing a summary.,卡尔在等梅格，她找不到钥匙，要迟到了。,"卡尔：你在哪里？
 卡尔：我还在等你！
 梅格：我还需要五分钟，我把钥匙丢了。","Carl: Where are u?
 Carl: I'm still waiting for u!!!
 Meg: I need 5 minutes more, I've lost my key somewhere :(",41.03,10.81,35.9,71.86,3.324458361,4.399445534,4.173338890,3.353269577,1.842105
aya-expanse:8b,98,NO-ERROR,,The summary accurately reflects the dialogue's key facts and relations.,玛丽亚厌倦了她的工作。,玛丽亚表示对工作感到厌倦，无法再忍受。安娜斯塔西亚理解她的感受，但建议她冷静下来。费利克斯也劝她不要冲动做出决定。玛丽亚感到伤心。,"Maria: I'm tired of this job, I can't stand it anymore
 Anastasia: I know, but calm down
 Felix: don't make decisions in this rash
 Maria: :(",23.81,5,19.05,72.21,2.962605000,4.278431892,4.168863773,3.484817028,5.909091
aya-expanse:8b,99,NO-ERROR,,The summary accurately reflects the dialogue's key facts and relations.,卢克明天下午2点22分要去冲浪。,卢克今天冲浪经历了糟糕的一天：零波浪、三次被拍打，还有一次被板子击中头。尽管如此，他仍期待下一次冲浪。肯和夏尔也分享了自己类似的冲浪经历。卢克明天下午两点二十二分将再次尝试，并提到低潮时能更好地看到岩石。埃里克则认为中潮通常更理想，因为看到岩石可能很危险。,"Luke: wow I got my ass kicked surfing today. 0 waves, 3 wipeouts and 1 surfboard to the head! (can't wait to go back though :D)
 Ken: Yaaaay welcome to the tumble dry club - some days is great others just a knock about
 Summer: I almost lost my tooth one time ;) Hopefully next time is better!
 Luke: low tide is 2:22PM tomorrow. I'll be out there
 Eric: I thought mid tide is generally the best ?
 Luke: Oh yeah? Yesterday was low tide. I thought that's best cuz you can see the rocks
 Eric: Seeing rocks is a bad thing. I mean, you want to be aware of where they are for sure. But rocks in your vision = no bueno
 Luke: well I'd rather seem than** run into them. When the tide is out you're not surfing over the rocks",9.64,4.94,7.23,66.16,3.271920681,3.995912075,3.994986057,2.925731182,8.000000
gemma4:e4b,0,H-MOD,H-MOD,"It reverses 'hardest to resist,' saying clothes and books are the easiest things to resist.",佩顿给麦克斯提供了卖衣服的网站。他喜欢浏览、试穿衣服，但不一定都会买。他经常买衣服和书，因为他也喜欢阅读。,两人讨论了购买衣服的网站，并分享了各自的购物习惯。Max询问Payton是否喜欢购物，Payton表示喜欢逛街和试穿，但不一定每次都买东西；她透露自己最容易抗拒的两样东西是衣服和书。,"Max: Know any good sites to buy clothes from?
 Payton: Sure :) <file_other> <file_other> <file_other> <file_other> <file_other> <file_other> <file_other>
 Max: That's a lot of them!
 Payton: Yeah, but they have different things so I usually buy things from 2 or 3 of them.
 Max: I'll check them out. Thanks. 
 Payton: No problem :)
 Max: How about u?
 Payton: What about me?
 Max: Do u like shopping?
 Payton: Yes and no.
 Max: How come?
 Payton: I like browsing, trying on, looking in the mirror and seeing how I look, but not always buying.
 Max: Y not?
 Payton: Isn't it obvious? ;)
 Max: Sry ;)
 Payton: If I bought everything I liked, I'd have nothing left to live on ;)
 Max: Same here, but probably different category ;)
 Payton: Lol
 Max: So what do u usually buy?
 Payton: Well, I have 2 things I must struggle to resist!
 Max: Which are?
 Payton: Clothes, ofc ;)
 Max: Right. And the second one?
 Payton: Books. I absolutely love reading!
 Max: Gr8! What books do u read?
 Payton: Everything I can get my hands on :)
 Max: Srsly?
 Payton: Yup :)",45.98,18.82,41.38,73.57,2.807709217,3.634865999,3.716820240,2.767805576,1.716981
gemma4:e4b,1,H-ENT,H-ENT,It changes Japan's Nagoro village into Nagoya village.,凯利很害怕芬兰雕塑花园里的人物，因为她觉得那些人物的脸非常病态。对奥利来说，这就像日本的人偶村，令人毛骨悚然。,大家分享了各自推荐的“恐怖”景点。凯莉介绍了芬兰的一个雕塑花园，虽然不是雕塑本身可怕，但因为数量多且雕像的面部表情（如拥抱、运动等）让人感到诡异，而且到处都是盯着人的脸。奥利则推荐了日本名古屋村，描述了一个与真人大小的雕像数量超过实际居民数量的村庄，气氛非常阴森恐怖。大家对这些地方都表示了惊悚感。最后，大家互相道别。,"Ollie: Okay, Kelly! Ur up nxt!
 Kelly: Me? I don't wanna.
 Mickey: C'mon!
 Jessica: Yeah! What's yours?
 Kelly: Fine. It's a sculpture garden in Finnland.
 Ollie: What's scary about sculptures? Wait! Do they resemble vampires and stuff?
 Mickey: Nah, I'm sure they look rly nice.
 Kelly: It's not the sculptures, it's the amount of them and their faces!
 Jessica: Faces? What faces?
 Kelly: Well, they resemble ppl in different activities like hugging, training, doing sport and so on. But the faces are just morbid and there's like a hundred of them. All staring at you!
 Ollie: Another one?
 Mickey: Certainly!
 Jessica: Well, Ollie, ur turn!
 Ollie: Nagoro village in Japan!
 Mickey: Y?
 Ollie: Well, maybe it's not scary, but it similar to Kelly's place. It's just creepy as hell.
 Jessica: Bt y?
 Ollie: Imagine a village with ppl living in it. And in the same village u have these human-sized figures. And there's more of them than the ppl that actually live there!
 Kelly: Creepy AH!
 Mickey: WTF?! Y would ppl even do that?
 Jessica: Idk. Idc. Never. Going. There.
 Ollie: See! Mine was the worst!
 Jessica: Bt not the scariest!
 Ollie: Point taken.
 Mickey: Listen, guys, fun talking to u, bt gotta go. 
 Kelly: Yeah, me too. Bye!
 Jessica: Bye!
 Ollie: Cu!",24.24,3.08,16.67,65.52,3.584555864,4.028237343,4.085587502,3.533229113,2.890909
gemma4:e4b,2,NO-ERROR,NO-ERROR,The summary accurately reflects the dialogue's key facts and relations.,贝拉和埃里克拒绝了一个客户的要求。他们老板很赞赏这个决定。他会吸引新的客户来。,艾里克询问了老板办公室发生的事情，贝拉澄清老板并没有生气，反而赞赏他们果断拒绝客户请求的决定。两人对老板的反应感到惊讶，艾里克猜测这可能是因为老板原本想引入竞争对手的新客户，而这个结果反而成了好事。,"Eric: Hey Bella, What happened today in boss's room?? Was he angry??
 Bella: NO NO!!! He wasn't angry at all.. He actually appreciated on our brave deccision to dismiss the request of client..
 Eric: REALLY!! He appreciated this decision..
 Bella: Yeah he really did.. I too was astounded by his reaction...
 Eric: What could possibly lead to this?? I mean , they were potential clients...
 Bella: What he told me was that he was looking forward to bring in new clients which were our current client's competitor..
 Eric: Oh that could possibly be the reason.Well anyways you got appreciation xD congo 
 Bella: hahaha Blessing in disguise xD",38.46,2.63,23.08,70.18,3.124492884,3.478845596,3.827324629,3.104425192,2.538462
gemma4:e4b,3,H-CIRC,H-CIRC,It turns Carter's current location at the station into the place where he will give Mary money.,玛丽的钱用完了，卡特打算一小时后借给她一点。,玛丽向卡特借钱，卡特说一小时后在火车站给。,"Mary: hey, im kinda broke, lend me a few box
 Carter: okay, give me an hour, im at the train station
 Mary: cool, thanks",42.86,23.08,42.86,79.05,3.466065168,4.184309959,4.133460999,2.996450901,0.954545
gemma4:e4b,4,H-ENT|H-MOD,H-ENT|H-MOD,It changes May's name to Maya and turns a joking possibility of two drinks into a firm agreement.,杰克和梅一会儿要喝鸡尾酒。,杰克问玛雅稍后要不要喝鸡尾酒，玛雅非常兴奋地同意了。当杰克开玩笑说她今天有点紧张时，玛雅承认了这一点，并表示喝酒会有帮助，最后两人约定可以喝两杯。,"Jack: Cocktails later?
 May: YES!!!
 May: You read my mind...
 Jack: Possibly a little tightly strung today?
 May: Sigh... without question.
 Jack: Thought so.
 May: A little drink will help!
 Jack: Maybe two!",15.38,4,15.38,67.61,2.748927593,3.811534405,3.669676542,2.589767694,5.615385
gemma4:e4b,5,NO-ERROR,NO-ERROR,The summary accurately reflects the dialogue's key facts and relations.,约瑟夫给艾拉发了一张乌耶克·雅内克家双胞胎奶牛的照片，艾拉很高兴。,约瑟夫发了照片，艾拉认出是小奶牛；约瑟夫说那是“Wujek Janek”的双胞胎奶牛，艾拉纠正为“Twins”，并对这些小奶牛表示喜爱和想触摸的愿望。,"Joseph: It's fuzzy but I think you can recognize what's that(^_-)-☆
 Joseph: <file_photo>
 Ella: Ooooo
 Ella: Baby cows??(/◕ヮ◕)/(/◕ヮ◕)/(/◕ヮ◕)/
 Joseph: Wujek Janek has tween cows:D
 Ella: Twins* darling xD
 Joseph: Oh yeah, sorry Twins*
 Ella: Good for him!! So cool❤️❤️
 Ella: Wanna touch them❤️❤️❤️",33.9,10.53,23.73,72.84,3.788214207,3.993819237,4.095850468,3.548740149,2.242424
gemma4:e4b,6,H-ENT,H-ENT,It misreads a biscuit-colored Labrador as a separate dog breed.,之前阿黛尔得到了一只新的可爱的拉布拉多狗，4个月大，名叫秋伊。她的猫咪们和她保持着距离，而小狗波比和露露都很像它们的妈妈秋伊和斯皮迪，都想出去玩。,阿黛尔和洛拉聊起阿黛尔新养了一只四个月大的比斯吉犬幼犬，名叫Bones。她们谈到其他宠物对小狗的反应，提到猫咪保持距离，但Poppy和Lulu似乎像母狗一样照顾它，而Speedy则想玩耍。阿黛尔分享了她之前收养的成年狗狗需要断奶，并且指出了公狗和母狗都比较爱打架的特点。洛拉对小狗感到可爱并期待看到它。,"Lola: hey girlfriend, what's up?
 Adele: Oh, hi Lols, not much.
 Adele: got a new dog.
 Lola: another one?
 Adele: Yup. a pup biscuit lab. 4 months. Chewy.
 Lola: how did the others react?
 Adele: the cats keep their distance, Poppy and Lulu seem to mother him. Speedy wants to play.
 Lola: no fighting? that's new.
 Adele: they say puppies are accepted by other animals more easily than older dogs
 Lola: especially girl dogs, probably
 Adele: with the other ones I had to wean them because I took them in as adult dogs. And girls like to fight. like crazy.
 Lola: doggies, right/.
 Adele: that too :P
 Lola: haha. true though.
 Adele: I know, right. Anyway, called him Bones. He's so plump it kinda fit.
 Lola: cute. can't wait to see him.",43.41,7.87,27.91,73.53,3.913402081,4.113764286,4.216153622,3.136081934,2.068493
gemma4:e4b,7,NO-ERROR,NO-ERROR,The summary accurately reflects the dialogue's key facts and relations.,琳达和劳拉明天要去一家意大利餐馆。,两人讨论了第二天的去处，最终决定去一家意大利餐厅，琳达特别提到了那里的意面和布朗尼。劳拉提醒她以前不吃甜食，但琳达解释说这个布朗尼不太甜。,"Laura: where will we go tommorow?
 Linda: maybe this italian restaurant?
 Laura: hmm ok
 Linda: i love their pasta
 Linda: and brownie :)
 Laura: i thouht you dont eat sweets
 Linda: this brownie is not so sweet",25,8.7,12.5,70.52,2.736496925,3.714566469,3.690874577,2.610863686,4.058824
gemma4:e4b,8,NO-ERROR,NO-ERROR,The summary accurately reflects the dialogue's key facts and relations.,米娅今晚下班后要和她的女性朋友一起出去。如果她愿意，艾略特会来接她。,米娅向男友征得同意晚上下班后和朋友们出去聚会喝酒，男友同意了，并叮嘱她不要太晚回来，如果需要接送就打电话告诉他。,"Mia: babe, do you mind if i go out after work tonight?
 Elliot: yeah, sure. go for it ;) 
 Mia: thanks, babe. it's gonna be girls night out 
 Elliot: what're u up to?
 Mia: well, you know we gonna grab some drinks have some nice time outside of work
 Elliot: don't be too late please and if you need me to pick u up just give me a ring",30.77,4,26.92,71.58,3.255853176,3.946861982,4.042535782,3.387098789,1.647059
gemma4:e4b,9,NO-ERROR,NO-ERROR,The summary accurately reflects the dialogue's key facts and relations.,瑞安和塞巴斯蒂安担心乌克兰的政治局势。,两人对乌克兰局势和俄方行为感到担忧，并希望各国领导人能采取行动。,"Ryan: I have a bad feeling about this
 Ryan: <file_other>
 Sebastian: Ukraine...
 Sebastian: This russian circus will never end...
 Ryan: I hope the leaders of of nations will react somehow to this shit.
 Sebastian: I hope so too :(",17.39,0,8.7,68.32,2.930719137,4.020764351,4.123888016,2.513716221,1.684211
gemma4:e4b,10,NO-ERROR,NO-ERROR,The summary accurately reflects the dialogue's key facts and relations.,费恩和查蒂明天2点去象堡，他们会在正门碰头。,芬恩提议第二天和扎迪一起去一个据说有很多拉丁美洲风情的小区“大象与城堡”，扎迪同意了，并建议下午两点左右见面。他们约定在购物中心的入口处会合。,"Finn: Hey
 Zadie: Hi there! What's up?
 Finn: All fine. You? 
 Zadie: Not bad, thanks 
 Finn: Look, I was thinking of going to this neighborhood called Elephant and Castle tomorrow, it's apparently full of Latin American stuff. Fancy joining? 
 Zadie: Sure! But what's ""stuff""? 😂
 Finn: lol So apparently it's a place were random people from ""Latin America"" (meaning fuck knows which countries) started running small businesses and restaurant, and a nice little community was formed
 Zadie: Oh cool 
 Finn: Then capitalism came and it's all going to be demolished soon, so it's like the last chance to go
 Zadie: What a shame :( Yeah, I haven't had Latin American 😂 food for ages so I'm totally up for it
 Finn: Can't wait to taste this cuisine of unspecified Latino origin lol
 Zadie: 😂😂😂
 Finn: But we can specify time and place if and only if you wish 
 Zadie: I might be tempted to lol I'd say early evening, 2-ish?
 Finn: Yeah, that's fine by me. So most of the places we want to visit are in this Elephant and Castle shopping centre. Shall I see you at the main entrance, wherever that is 
 Zadie: 2 o'clock at unspecified main entrance then? Sounds good to mw
 Finn: Yer
 Zadie: Cool, see you there! And thanks so much for remembering about me 💜💜💜
 Finn: Thanks for saying yes to such an ill-defined plan lmao 
 Zadie: Ha ha You know I love those
 Finn: See you tomorrow then 
 Zadie: Yep Call me if you get lost
 Finn: I will I will 🤙 byeeee 
 Zadie: Toodles",15.69,4.08,15.69,65.87,3.069389105,3.955896378,4.145983696,2.472864151,3.227273
gemma4:e4b,11,H-EVT,H-EVT,It presents metaphorical battle banter as a literal instruction to shoot enemies.,汤姆下午2点会在椭圆形会议室与本会面。他会先告诉对方把文件带来。,汤告诉本，下午两点在椭圆形房间会面，并提醒他带好所有文件，准备一场激烈的战斗，要不留情面，射杀敌人。两人都表示必须赢得这场战役，因为正义站在他们这一边。,"Tom: Ben. We've decided. 2pm in the Oval Room.
 Ben: Ok, I'll be there
 Tom: Take all your papers, it's going to be a fight! And remember: take no prisoners, shoot to kill!
 Ben: hahaha, we have to win this battle.
 Tom: We will, the justice is on our side.",25,6.45,18.75,68.73,3.932283401,4.081678391,4.273949623,2.999104977,2.375000
gemma4:e4b,12,H-ROLE,H-ROLE,"It says they comforted each other, although only Elliot comforted Jordan.",艾略特现在没空和乔丹说话，他很忙。晚上6点他会给乔丹回电话。乔丹要去参加布拉德的葬礼，布拉德因肝癌去世了。,艾略特因忙碌无法通话，提议两小时后再回电。乔丹告知正在参加同事布拉德的葬礼（他患了肝癌），并表示今晚会回电。两人互相慰问，最终约定艾略特晚上八点致电。,"Elliot: i can't talk rn, i'm rly busy
 Elliot: can i call u back in about 2 hours?
 Jordan: Not really, I'm going to a funeral.
 Jordan: I'll call you tonight, ok?
 Elliot: sure
 Elliot: whose funeral is it?
 Jordan: My colleague's, Brad.
 Jordan: I told you about him, he had a liver cancer.
 Elliot: i'm so sorry man, i hope u're ok
 Elliot: i'll call u at 8 pm",41.56,13.33,25.97,73.97,3.931057692,4.236555099,4.458173752,3.045658588,1.415094
gemma4:e4b,13,NO-ERROR,NO-ERROR,The summary accurately reflects the dialogue's key facts and relations.,弗洛要到6号才能预约到做头发。她担心自己头发会变成灰色，所以必须在特易购买一套补色工具。,弗洛的沙龙要到六号才能去，因为太忙了。吉娜建议她去Tesco买个补色套装。,"Flo: OMG, I can't get into the salon until the 6th!
 Gina: What? Why?
 Flo: They're just too busy. I'm going to be gray! LOL!
 Gina: Get you a touch-up kit at Tesco!
 Flo: Gonna have to!",33.33,4.35,29.17,72.82,3.257251740,4.013338089,3.901260853,2.836129189,0.840909
gemma4:e4b,14,NO-ERROR,NO-ERROR,The summary accurately reflects the dialogue's key facts and relations.,根据杰克所说，理应由大卫承担责任。等杰克回家后他们再谈。,杰基承认了昨天戴维的观点，特别是关于承担责任的部分。两人约定稍后通话，杰基回家后会打电话给戴维。,"Jacky: I think you were right yesterday. 
 David: What about? I'm right about most things :P
 Jacky: Yeah, whole you ;)
 Jacky: About taking the blame etc. 
 David: Okey, I remeber. We'll talk later?
 Jacky: With pleasure. I'll call you when I get home.",23.81,5,23.81,69.58,2.708030462,3.687954426,3.648548841,2.323829651,1.714286
gemma4:e4b,15,OMIT,OMIT,It omits the salient timing that the cage must be cleaned after school.,阿黛尔放学后得打扫仓鼠笼。,皮特让阿黛尔打扫仓鼠笼，阿黛尔承认是她的回合，并最终同意了。,"Pete: Did you clean the hamster cage?
 Adelle: No. Is it my turn?
 Pete: Yes. After school, no excuses.
 Adelle: Fine.",32,17.39,32,74.54,2.829619884,3.875271082,3.947438002,2.774373055,2.307692
gemma4:e4b,16,NO-ERROR,NO-ERROR,The summary accurately reflects the dialogue's key facts and relations.,玛雅会在药房为伦道夫买5包耳塞。,兰道询问玛雅是否还在药店，并让她帮忙买四到五包耳塞。玛雅答应帮他买了五包。,"Randolph: Honey
 Randolph: Are you still in the pharmacy?
 Maya: Yes
 Randolph: Buy me some earplugs please
 Maya: How many pairs?
 Randolph: 4 or 5 packs
 Maya: I'll get you 5
 Randolph: Thanks darling",24.24,0,18.18,74.03,3.307593584,3.985671997,3.939834595,2.578133106,2.312500
gemma4:e4b,17,NO-ERROR,H-EVT,The summary accurately reflects the dialogue's key facts and relations.,法蒂玛很担心詹森和艾琳。艾琳遇上了一些问题。但林肯不希望法蒂玛为别人操心太多。,林肯和法蒂玛讨论了关于阿琳的困境。法蒂玛提到詹森对阿琳的状况不太满意，并担心她可能患有抑郁症，但阿琳不愿就医。林肯对此持冷漠态度，认为这是每个人都会有的问题，并暗示这不是法蒂玛该操心的事情。两人争论了谁应该为朋友的问题负责，最终林肯指责法蒂玛过于关注他人，而法蒂玛则感到被批评和伤心。最后，林肯劝她专注于自己，不再过度担忧别人。,"Lincoln: Heeyyy ;* whats up
 Fatima: I talked to Jenson, he’s not too happy ;p
 Lincoln: the place sucks??
 Fatima: No, the place is ok, I think, we can go there, it’s about Alene
 Lincoln: typical, dont worry about it
 Fatima: He thinks she may have a depression :[
 Lincoln: nothin new, everyone has it, she needs a doctor then
 Fatima: But she won’t go ;/
 Lincoln: so she’s destroying her life fuck it its not your problem
 Fatima: It is, they’re both my friends!
 Lincoln: you better think what to do if they break up
 Fatima: Ehh yes Ill have a problem ;//
 Lincoln: both blaming each other and talking with you about it, perfect
 Fatima: Alene is just troubled… She’d been through a lot…
 Lincoln: everyone has their problems, the question is are ya doin sth about them
 Fatima: She has problems facing it, don’t be surprised :[
 Lincoln: then it is her problem
 Fatima: You are so cruel at times… o.O
 Lincoln: maybe, for me its just a common sense
 Fatima: Why can’t everyone be just happy???
 Lincoln: youll not understand, you had good childhood, nice parents, you have no idea
 Fatima: Probably, true… Well I can be just grateful o.o
 Lincoln: do that and stop worrying about others, youre way to bautful for that <3
 Fatima: :*:*:*",22.95,3.33,14.75,70.7,3.683951378,4.017487049,4.157551289,3.588672876,4.205128
gemma4:e4b,18,H-ROLE,H-ROLE,"It says Mico will drive, although Jeff agrees to drive so Mico can drink.",米科和杰夫要去参加村里的聚会，杰夫开车。,关于是否去村里派对的讨论，莉亚因爬山太累不想去。米科对此很感兴趣，并开玩笑说那里可能有“帅哥”，引来吉姆和米科之间关于“淳朴”和“不会说英语”的调侃。最终，尽管莉亚不感兴趣，但米科和杰夫决定一起去派对，并且计划由米科开车。,"Jeff: Should we go to the village party?
 Lia: I'm too tired after hiking
 Mico: I'd like to go, there may be some hot boys!
 Lia: I doubt
 Jim: like a real village boy?
 Jim: who doesn't even speak English?
 Mico: yes, the dummer, the better
 Jim: haha, stupid fucks good, they say
 Mico: I confirm!
 Lia: not my cup of tea
 Mico: I'll go there, who wants to join?
 Jeff: I'll go as well
 Mico: wanna drive?
 Jeff: so you could drink?
 Mico: would be nice, hahah
 Jeff: not excited, but ok
 Mico: thanks!",21.05,2.7,15.79,67.87,3.086150646,3.722886086,3.894433498,3.182231665,5.550000
gemma4:e4b,19,NO-ERROR,NO-ERROR,The summary accurately reflects the dialogue's key facts and relations.,艾拉没有接哈利的电话。在哈利的请求下，辛迪给艾拉打了电话。,哈里让辛迪给艾拉打电话，告知她有急事需要谈，并让她接电话。辛迪一开始不耐烦和抱怨，但最终还是照办了。,"Harry: heyyyy are you there??
 Cindy: Yes dear what is it?
 Harry: Can you call Ela and tell her i need to talk urgent please pick my call.
 Cindy: what happened now? an other fight :O
 Harry: please tell her
 Cindy: MAN! you guys... am i some kind of a messenger service here?
 Harry: PLEASEEEEEEEEE ?
 Cindy: ok doing.... but thats the last time.
 Harry: Yes like always:P
 Cindy: Hate you seriously man.
 Harry: Thank you
 Cindy: Done you can call her now.",24,12.5,20,69.31,2.818516254,3.909246683,3.937001228,3.150611877,1.724138
gemma4:e4b,20,NO-ERROR,NO-ERROR,The summary accurately reflects the dialogue's key facts and relations.,肯恩正试图捉弄格雷格。,肯指责格欠钱，但随后承认自己是开玩笑，两人互相骂了一句。,"Ken: Fuck you, you pimp
 Greg: What?
 Ken: Fuck you man, I want my money back
 Greg: Was your account hacked by some prankster?
 Ken: No, I'm the prankster, just having a laugh at your expense
 Greg: Well, fuck you too then XD",0,0,0,60.39,2.401307106,4.794809341,4.629165649,3.603282452,2.545455
gemma4:e4b,21,NO-ERROR,NO-ERROR,The summary accurately reflects the dialogue's key facts and relations.,西蒙五分钟后会和阿德里安谈一谈。,亚德里安询问西蒙是否方便通话，但双方都表示没什么重要的事情。西蒙说下午五点有空，两人约定届时再联系。,"Adrian: Can you talk?
 Simon: Not really, anything important?
 Adrian: Not that much.
 Simon: I'll be free at 5
 Adrian: i'll you then",5.88,0,5.88,61.58,2.979335546,3.909077406,3.930395603,2.727981329,3.125000
gemma4:e4b,22,NO-ERROR,H-ENT,The summary accurately reflects the dialogue's key facts and relations.,加布想在线下和凯特见一面。但是凯特不喜欢加布的要求，所以她不会再和他说话了。,甲和乙在聊天后，甲提议见面喝酒。乙表示目前很忙不确定时间，并拒绝了与网上认识的陌生人见面。当甲继续说服时，乙态度变得疏远，最后让甲感到困惑和不安。,"Gab: Ah that's better. Now we can message all we like.
 Kat: :-)
 Gab: So when can we meet up for a drink?
 Kat: Fairly busy at the moment so I'm not sure when.
 Gab: I'd love to meet you in real life.
 Kat: I don't meet strange men from the internet.
 Gab: Why not?
 Kat: Not that sort of gal.
 Gab: But you're talking to me, aren't you?
 Kat: Yes, but that's different.
 Gab: How so?
 Kat: Just is.
 Gab: But it would be so much nicer to do this cuddled up right next to you...
 Kat: I think this was a mistake.
 Gab: Are you there?
 Gab: Where did you go?
 Gab: Kat?",19.44,0,16.67,62.01,2.741778612,3.738314867,3.862592697,2.877139091,1.921053
gemma4:e4b,23,NO-ERROR,NO-ERROR,The summary accurately reflects the dialogue's key facts and relations.,阿加莎为自己感到骄傲，因为她已经完成了经济学相关的报告。她对经济学很感兴趣。,阿加莎的经济学报告准备好了，亚当询问后得知是关于经济学的，并对内容表示好奇。阿加莎自信地表示使用了最新研究，两人都认可了她对经济学的热情和专业性。,"Agatha: My presentation is ready as we speak :)
 Adam: oh cool, what course?
 Agatha: Economics.
 Adam: Is it interesting? I mean... your presentation.
 Agatha: Definitely, I used recent research.
 Adam: Sounds like you know what you're doing :P
 Agatha: I'm just really into economics :)
 Adam: no doubt about that",31.75,6.56,25.4,70.47,3.390338659,3.773827076,3.960207462,3.205338717,1.921053
gemma4:e4b,24,H-ENT,H-ENT,"It corrupts the band name '30 Seconds to Mars' into a different, incomplete title.",凯恩向香农推荐30秒上火星乐队的新专辑。,凯恩向肖恩推荐了新的《致火星》专辑，肖恩表示感谢。,"Kane: have you heard the new 30 seconds to mars album?
 Shannon: no, is it good?
 Kane: you should so check it out
 Shannon: ok thanks for the recommendation
 Kane: no prob",38.46,8.33,30.77,78.64,2.786090136,4.747729301,4.662795067,3.033833742,1.250000
gemma4:e4b,25,NO-ERROR,NO-ERROR,The summary accurately reflects the dialogue's key facts and relations.,米兰达昨天打电话给汤姆，很甜蜜地和他讲话。安妮很生她的气，因为她正在和汤姆约会。,安和凯瑟琳等人对米兰达非常不满，认为她昨天打电话给汤姆的行为（尤其是在知道他们交往的情况下）是故意想抢走汤姆。诺拉则不以为然地反驳说米兰达不是汤姆喜欢的类型。,"Anne: I hate that bitch!
 Catherine: What did she do again???
 Nora: Who's the bitch?
 Nora: Sorry I missed something
 Catherine: Miranda!!! 
 Catherine: We all hate her
 Anne: Yesterday she called Tom, was all sweet with him you know how she can be....
 Catherine: No way she did it!! How dare she!! She knows you guys are dating.
 Anne: I think that's why she did it. She wants to take Tom away from me.
 Nora: Oh, come on! She's not his type!",36.11,11.43,25,70.13,2.775522232,3.550099373,3.677700043,2.650475264,1.975000
gemma4:e4b,26,H-EVT,H-EVT,It changes Thomas attending LSE into Thomas working there.,莉莉和托马斯度过了一个美好的夜晚。托马斯是罗马尼亚人，来自一个非常富有的家庭。,莉莉和凯特聊起昨晚的经历，莉莉说她和一个名叫托马斯的男人度过了非常美好的夜晚。对方是罗马尼亚人，家境极其富裕，在伦敦工作于LSE。尽管凯特觉得这很“可预测”，但莉莉表示他让她感到惊喜，因为他在方方面面都超出了她的预期，让她感到非常愉悦。凯特为她能放松和享受乐趣感到高兴。,"Lily: I spent an amazing night with this guy
 Kate: What's his name?
 Lily: Thomas
 Kate: Is he English?
 Lily: He is Romanian, but from an extremely rich family, it seems
 Kate: What does he do in London?
 Lily: LSE
 Kate: of course, so predictable 
 Lily: Hahah, but I expected him to be more banal and boring
 Kate: but?
 Lily: to be more mediocre...
 Kate: in size, in passion or in wallet?
 Lily: In everything. I've had so much pleasure that I have a headache
 Kate: I'm glad to read that. You deserved some fun after the last weeks.
 Lily: haha, I agree!",30.77,15.69,26.92,72.67,3.988406420,3.989556789,4.147393227,3.566993952,3.461538
gemma4:e4b,27,NO-ERROR,NO-ERROR,The summary accurately reflects the dialogue's key facts and relations.,杰克预定了三张明天晚上七点的票。他能享受七折优惠。,鲍勃询问是否预订了明天的票，梅兰妮说杰克答应了她会做，并提到有工作折扣。鲍勃随后问杰克，杰克确认已预订了三张明天晚上七点的票，并且获得了30%的折扣。,"Bob: did you reserve the tickets for tomorrow?
 Melanie: Jake promised me he will do that
 Melanie: he has some workplace discount on them
 Bob: Jake are you here?? Did you reserve the tickets?
 Jake: yes I did, 3 tickets for tomorrow, 7 pm
 Jake: and we got a 30% discount on them too :)",28.12,22.58,28.12,76.44,3.191660166,3.981853962,3.833854198,2.791823149,3.000000
gemma4:e4b,28,H-ROLE,H-ROLE,It attributes the explanation about sufficient sleep to Lisa instead of Peter.,彼得最近一直在他们办公室附近的健身房锻炼以改善健康状况。为了更健康，丽莎正在考虑锻炼和更加合理饮食。,两人聊起保持健康的方式，彼得提到自己健身是为了改善健康而非减肥，他常去公司附近的健身房做力量训练和跑步。丽莎补充说除了运动，饮食和充足的睡眠也是维持健康的必要条件，并一致认为需要养成长期良好的生活习惯。,"Lisa: Hello Peter. What have you been doing off late?
 Peter: Bit busy with work.
 Lisa: Too much of work, huh?
 Peter: Not really, I’ve been working out
 Lisa: Ohh, trying to get in shape?
 Peter: Nah, I don’t have much of weight to lose, just want to improve my health.
 Lisa: That’s a good thought. I was also thinking of working out a bit. What do you do? Do you go to a Gym?
 Peter: Yes, I hold a membership with the one near our office.
 Lisa: Which exercises do you do regularly?
 Peter: I do weights and run on the treadmill.
 Lisa: Besides exercises, I think I need to eat better to help me keep in shape.
 Peter: Another major requirement for good health is sleep. On an average one requires at least 7-8 hours of sleep.
 Lisa: There are a lot of things we can do to stay healthy.
 Peter: Yes. One needs to maintain a regime to stay healthy for a long term.",28.92,7.41,16.87,71.5,2.958108187,3.621333361,3.823055983,2.937586308,2.020000
gemma4:e4b,29,NO-ERROR,NO-ERROR,The summary accurately reflects the dialogue's key facts and relations.,杰西卡在市中心的二手商店买了一张桌子、六把椅子、一个花瓶和一堆衣服。这些一共花了70欧元。,杰西卡去了市中心的二手店，买了很多东西，包括一张橡木桌子、六把椅子、一个花瓶和一堆衣服。拉斐尔称赞了桌子，弗兰克则对黑色的连衣裙表示喜爱。杰西卡非常满意自己的购买，并且所有这些物品的总价仅为70欧元。,"Jessica: I went to the second hand shop downtown 
 Frank: Cool
 Raphael: What did you get?
 Jessica: Lots of stuff
 Jessica: A table, six chairs, a vase, a pile of clothes
 Frank: That's really a lot of stuff :-)
 Raphael: send us pictures
 Jessica: <photo_file>
 Jessica: <photo_file>
 Raphael: Beautiful table
 Raphael: Is it wood?
 Jessica: yes, oak 
 Raphael: Awesome
 Jessica: <photo_file>
 Frank: These are the clothes?
 Frank: I love the black dress
 Jessica: It's absolutely beautiful
 Jessica: As soon as I saw it I knew it would be mine
 Jessica: I'm so happy with what I bought
 Jessica: And the best is I paid only 70 euros for all of that!!",52.38,34.15,50,81.77,4.165470600,4.255344391,4.384231567,3.342696667,2.222222
gemma4:e4b,30,H-EVT,H-EVT,It changes the request to keep the pasta in the microwave into a request to heat it.,卢西恩不在家。德西蕾希望卢西恩把她的意大利面放在微波炉里。,迪泽询问卢西安是否在家，并让他把意面放在微波炉里加热。卢西安表示自己什么都没做过饭。,"Desiree: U both at home?
 Lucian: No. I've just got ur msg. Why did u ask about it?
 Desiree: No reason. Keep my pasta in the microwave
 Lucian: I haven't cooked anything",28.57,15,28.57,76.14,2.133250952,3.773720264,3.229020834,2.030676842,1.448276
gemma4:e4b,31,OMIT,OMIT,It omits the meeting location at the central station.,艾米丽、凯特和玛塔今天要去中央车站的x酒吧喝一杯。,大家决定下班后去酒吧X小酌一杯，时间初步定在下午五点半左右，但凯特可能需要推迟到六点。,"Emily: fancy a drink after work today?
 Kate: sure!
 Marta: Good idea! 
 Marta: Where? When?
 Emily: Maybe in the Pub X at the central station at 5.30?
 Kate: I may be closer to 6, traffic on my way
 Marta: Fine for me.
 Marta: See you then, Ladies!
 Emily: Bye! see ya :*
 Kate: :*",25.64,0,10.26,64.82,2.875349283,4.117053509,3.926054239,2.752855062,1.720000
gemma4:e4b,32,NO-ERROR,NO-ERROR,The summary accurately reflects the dialogue's key facts and relations.,今天玛丽没有去上学，她就待在家里。,玛丽告诉朋友她今天没去学校，在家里。,"Mary: Hi my friend :*
 Alice: U re not at school?
 Mary: No i stayed at home today.
 Alice: Lucky u!",50,0,30,82.42,3.723518848,4.773580551,4.660264015,3.720020294,1.058824
gemma4:e4b,33,NO-ERROR,NO-ERROR,The summary accurately reflects the dialogue's key facts and relations.,克莉丝汀病了，明天不来上学了。安妮会把西拉夫的香囊放在邮箱里。克莉丝汀不想把病传染给她。,安妮询问克里斯汀是否会去学校，得知她因感冒（疑似流感）无法上学。两人交谈后，安妮提出要不要帮忙，并答应稍后将泰拉氟（Theraflu）送到她的信箱。克里斯汀叮嘱安妮不要来探望以免传染，但又让安妮知道如果房间灯亮着可以打电话。,"Annie: Are you going to be at school?
 Christine: Not tomorrow. I am not well.
 Annie: Oh noes! What happened?
 Christine: Got the flu, I think.
 Annie: what's your temperature?
 Christine: Not high, I'm not running a fever or anything
 Annie: Are you eating ok?
 Christine: Yeah. Just blocked nose, sore throat. Tired.
 Annie: Sounds like you've got a cold. You need anything?
 Christine: I could do with some Theraflu.
 Annie: OK, I think we've still got some sachets, should be in date. I'll drop them through your letterbox later on.
 Christine: Yeah. Don't call in because I'll feel bad if you catch this cold off me.
 Annie: I think I probably had it already, but you might be sleeping.
 Christine: If the light in my room is on, call if you want.",21.51,2.2,15.05,68.11,3.985981941,4.328531265,4.415480614,3.766990423,2.545455
gemma4:e4b,34,NO-ERROR,NO-ERROR,The summary accurately reflects the dialogue's key facts and relations.,沙尔多纳通过手机发送了婚礼邀请，因为她没有时间亲自去送邀请函。,莎尔多娜通过聊天软件发送了婚礼电子请柬，但派珀指出，既然没时间亲自送请柬，却期望朋友们出席婚礼，这让她觉得莎尔多娜“太贪心了”。,"Shaldona: WE ARE GONNA GET MARRIED ❤️❤️
 Shaldona: <file_others>
 Shaldona: This is our mobile inviation for our wedding.
 Shaldona: Invitation*
 Piper: Hey. You haven’t sent me any messages for a few years.
 Piper: And now you are sending me your wedding invitation 
 Piper: THROUGH MESSENGER?
 Shaldona: .....
 Shaldona: Well..
 Shaldona: I had no enough time to meet everybody and give this in person.
 Shaldona: Hope you understand.
 Piper: If you don't have time to give the invitation card in person but expect people go to your wedding
 Piper: Shaldona, if so, you are too greedy.",31.03,10.71,27.59,76.57,4.217935085,4.218296051,4.327651978,3.590993643,2.064516
gemma4:e4b,35,NO-ERROR,NO-ERROR,The summary accurately reflects the dialogue's key facts and relations.,康拉德忘了带钥匙，所以回不了家。瑞贝卡和蒂芙妮回来得晚，他得在咖啡厅等。,康拉德在外面忘了带钥匙，丽贝卡和蒂芙尼的到家时间都不确定或更晚，于是康拉德决定去咖啡馆等。,"Conrad: I'm outside the house
 Conrad: I forgot my keys...
 Rebecca: 💩
 Tiffany: I'll be home at 10-11
 Rebecca: I'm coming back even later
 Conrad: Oh no...
 Conrad: I'll wait in the coffee shop",46.15,20,38.46,80.16,3.581538200,4.101063728,4.124330521,3.232810974,1.250000
gemma4:e4b,36,NO-ERROR,NO-ERROR,The summary accurately reflects the dialogue's key facts and relations.,卢德米拉小时候最喜欢的恐龙是三角龙。,雅科波问露德米拉小时候有没有喜欢的恐龙，露德米拉回答是三角龙，雅科波表示稍后会告诉她原因。,"Jacopo: hey, did you have a favorite dinosaur growing up?
 Ludmila: yes, triceratops. why?
 Jacopo: i'll tell you why later.",45.71,30.3,45.71,76.29,2.097350121,2.866467953,2.885093689,2.086753368,2.500000
gemma4:e4b,37,NO-ERROR,NO-ERROR,The summary accurately reflects the dialogue's key facts and relations.,在玛丽亚和妮可的建议下，克莱尔正在订购她的婚纱。,大家都在看一件衣服，虽然克莱尔觉得颜色不够鲜艳可以更深一点，但妮可和玛丽都极力推荐，并强调了价格合适，最终克莱尔表示同意购买。,"Claire: Check this out :)))
 Claire: <file_other>
 Maria: !!
 Nicole: Absolutely perfect for you!!
 Claire: I guess so
 Claire: But it could be a bit darker, cause this color is not very vivid
 Nicole: Noooooo, I think this color is perfectly good for the bride
 Maria: And it's no that expensive :)))
 Claire: Yes, the price appeals to me xD
 Nicole: You should order that dress
 Nicole: I think you won't regret
 Maria: Don't hesitate, it's incredibly beauty!!
 Claire: Ok, if you say so :))",17.02,0,17.02,67.03,3.043800354,3.929837942,3.941948652,2.964382648,2.625000
gemma4:e4b,38,OMIT,OMIT,It omits that Miro speaks Albanian with his parents.,米罗和他的父母说阿尔巴尼亚语。他的家人在20世纪90年代非法出境离开了阿尔巴尼亚。,艾比和迪伦讨论了与米罗的交谈。艾比提到，在派对上认识的米罗来自阿尔巴尼亚海岸地区，他的父亲曾在20世纪90年代初从那里来到美国，当时情况非常艰难，他们几乎是非法离开的。,"Abby: Have you talked to Miro?
 Dylan: No, not really, I've never had an opportunity
 Brandon: me neither, but he seems a nice guy
 Brenda: you met him yesterday at the party?
 Abby: yes, he's so interesting
 Abby: told me the story of his father coming from Albania to the US in the early 1990s
 Dylan: really, I had no idea he is Albanian
 Abby: he is, he speaks only Albanian with his parents
 Dylan: fascinating, where does he come from in Albania?
 Abby: from the seacoast
 Abby: Duress I believe, he told me they are not from Tirana
 Dylan: what else did he tell you?
 Abby: That they left kind of illegally
 Abby: it was a big mess and extreme poverty everywhere
 Abby: then suddenly the border was open and they just left 
 Abby: people were boarding available ships, whatever, just to get out of there
 Abby: he showed me some pictures, like <file_photo>
 Dylan: insane
 Abby: yes, and his father was among the people
 Dylan: scary but interesting
 Abby: very!",42.25,17.39,33.8,74.32,2.900467396,3.690019131,3.693112850,2.720395327,2.048780
gemma4:e4b,39,H-CIRC,H-CIRC,It changes 8 p.m. from the start time to the end time and confuses Dan's return and driving schedule.,丹、蒂姆、克里斯和马丁8点碰面。丹和马丁这次会放松一下。汤姆来不了，因为他岳父岳母家有个聚会。,大家确认了周六是否要出去，地点在市中心。汤姆表示不能参加因为要去娘家参加派对。最后确定时间为晚上八点左右结束，但丹提到周日中午需要回家休息和开车准备。对话中还穿插了几句关于年龄和状态的玩笑话。,"Dan: Guys, so are we going out on Sat?
 Tim: I'm ready when you are
 Chris: I'm OK too, in the centre right?
 Tom: I'm out guys sorry. 
 Dan: come on Tom, what's wring this time
 Tom: told ya before. party at in-laws
 Chris: always the same story right
 Martin: right guys, so what time?
 Tim: start @8? finish. 8 if we're lucky
 Dan: yeah, i need to be home at 2 and ready to drive on Sunday noon
 Chris: so you takin it easy this time
 Martin: i guess i'd have to as well
 Tim: guys you sound like 60 yos
 Chris: Tim, are the last two standing or what?
 Tim: i gather
 Dan: you two will also grow up one day.",21.18,2.41,11.76,60.53,3.498233318,4.292428970,4.394228458,2.889695644,2.042553
gemma4:e4b,40,H-ENT,H-ENT,It repeatedly uses male pronouns for Dima even though the dialogue identifies her as female.,迪玛的笔记本电脑坏了，因为她的猫把咖啡洒在笔记本电脑上。 迪玛很担心，因为她明天必须为trados提供翻译。一个小时后迪玛会来纳达家，借纳达的笔记本电脑。,迪马的笔记本电脑坏了，急需用它来完成明天的翻译任务。他向娜达借用旧电脑，娜达虽然说自己已经把旧电脑给了弟弟，但体贴地让迪马使用她这两天休假的时间，并同意让他拿走她的电脑。两人聊到以后需要为备用笔记本投资，最后约定了迪马一小时后去取电脑。,"Dima: hello! 
 Nada: hey girl, what's up?
 Dima: I'm in a huge trouble, my laptop is broken and I have to deliver a translation tomorrow @9 😱😱
 Nada: fuck what happened??
 Dima: the stupid cat spilled coffee on it 😣😣 I'm freaking out!
 Dima: you still have your old laptop? is it possible to lend it to me please?
 Nada: no sorry, I've given it to my brother - but you're lucky! I've taken these two days off so you can take mine
 Dima: ooh man! thank you sooo much!!! if it weren't for Trados, I wouldn't be panicking :( 
 Nada: no worries, it happened... but I always think about this... like man, we need some back up laptops!
 Dima: I know! but I always change my mind and spend the money elsewhere lol
 Nada: yeah, but it's like our only tool! so we need to invest in it
 Dima: yup, true !
 Dima: can I come in an hour to pick it up?
 Nada: yes :) ttyl!",33.33,8.93,22.81,71.87,4.127962112,4.143990040,4.248366356,3.328514099,1.552632
gemma4:e4b,41,NO-ERROR,NO-ERROR,The summary accurately reflects the dialogue's key facts and relations.,杰瑞40分钟后到家。,杰瑞告知珍妮特他将在四十分钟后到家，两人互相道别。珍妮特抱怨了工作中的老板让人烦恼。,"Jerry: Hi sweetie :)
 Janet: Hi sugar ;)
 Jerry: I'm coming home
 Janet: Can't wait ;)
 Jerry: I should be there in 40 minutes
 Janet: Ok, I'm waiting for you :)
 Jerry: How was your day?
 Janet: Oh, it was ok but my boss is a pain in the ass sometimes
 Jerry: I know, she can be a bitch :P
 Janet: Yes she can! ;)
 Jerry: See you later darling
 Janet: <3",25.81,13.79,25.81,73.47,2.789568424,3.814411879,3.780262947,2.659507751,4.200000
gemma4:e4b,42,NO-ERROR,NO-ERROR,The summary accurately reflects the dialogue's key facts and relations.,娜塔莉怀了戴夫的孩子。简认为萨莉不应该告诉别人，因为娜塔莉是私下告诉他们的。亨利埃特和格雷格很惊讶，孩子的父亲居然是戴夫而不是迈克。,莎莉提起娜塔莉，大家都很好奇。尽管简提醒她保密，但众人追问细节，最终莎莉爆料了娜塔莉怀孕的消息，并透露了父亲是戴夫，令在场所有人感到震惊。,"Sally: Hi guys have you heard about Natalie?
 Tom: No. What about her?
 Jane: You're such a gossip girl, Sally!
 Sally: Come on! I'm sure you're all curious.
 Tom: I am. 
 Sally: Relax Jane, what's your problem?!
 Jane: She told us in confidence, I don't think we should share it with others.
 Greg: Now I'm also curious
 Henriette: Tell us! 
 Henriette: Is she pregnant? 
 Sally: 💣💣💣
 Sally: Guess who's the father!!!
 Henriette: I knew it!
 Henriette: Is it Mike?
 Sally: Dave!!! 
 Henriette: WHAT????
 Greg: That's insane!",32.5,2.56,25,67.82,3.834220886,4.085843086,4.185539246,3.512089968,1.045455
gemma4:e4b,43,NO-ERROR,NO-ERROR,The summary accurately reflects the dialogue's key facts and relations.,丽莎还没回家，黛西想要她晚上11点前回来。,黛西让丽莎晚上十一点前到家。,"Daisy: going home?
 Lisa: not yet
 Daisy: please be back before 11 pm
 Lisa: ok",31.58,0,21.05,84.79,3.323525190,4.137882233,4.213151455,2.730356932,0.666667
gemma4:e4b,44,NO-ERROR,NO-ERROR,The summary accurately reflects the dialogue's key facts and relations.,辛迪很伤心，但不愿意说出原因。艾莉还没看那个疯传的搞笑视频。,艾莉发现辛迪很伤心，但辛迪不想谈论。随后，辛迪分享了一个在网上爆红的视频给艾莉看，艾莉表示没看过，但觉得很有趣。,"Cindy: <file_gif>
 Ellie: Why are you so sad? Something’s happened?
 Cindy: I don’t want to talk about it…
 Ellie: Cheer up! Tomorrow’s another day 😊
 Cindy: <file_video>
 Cindy: Have you seen it? It’s viral on the internet
 Ellie: Nope, but it’s very funny 😊
 Ellie: <file_gif>",40.74,19.23,29.63,75.16,2.687195063,3.461595535,3.797232151,3.048604488,1.866667
gemma4:e4b,45,NO-ERROR,NO-ERROR,The summary accurately reflects the dialogue's key facts and relations.,本不会和凯瑟琳一起去看望史蒂夫叔叔。他会去看望凯瑟琳和孩子们。,凯瑟琳邀请本去探望史蒂夫叔叔，但本表示不喜欢这类聚会，觉得压力大。尽管凯瑟琳以男孩们想念他为由劝说，本仍心有不甘，认为自己和史蒂夫没什么共同话题，且史蒂夫总喜欢问一些私事问题。最后，在凯瑟琳妥协后，本同意以后找时间去看望孩子们。,"Catherine: We're going to visit uncle Steve, want to come with us?
 Ben: why would I?
 Catherine: He's family and we haven't seen him in a long time.
 Ben: you know very well that I'm not fond of such visits
 Ben: they stress me out
 Catherine: Come on, even you can do it from time to time.
 Ben: maybe I can but I don't want to
 Ben: it will end the same way as usual
 Ben: with me being pissed at everyone
 Catherine: The boys want to see you
 Ben: I can visit you and play with them some other day
 Ben: I don't have to drive to another city to do it
 Catherine: You know that he'll be disappointed?
 Ben: uncle Steve?
 Catherine: Yes.
 Ben: I don't think so, we don't have anything in common
 Ben: all he ever does is bothering me with stupid questions about my private life
 Catherine: Maybe that's his way of showing that he cares about you
 Ben: yes... sure... sometimes I wonder if you're thinking about what you type :P
 Catherine: Depends on the day
 Catherine: Today I'm tired so I can't guarantee it
 Ben: you should rest then
 Ben: instead of asking me to do stuff I don't like
 Catherine: Alright, don't worry, I'll stop
 Catherine: But still the part about the boys missing you was true
 Catherine: So come and visit them when you'll have the chance
 Ben: I will",26.19,9.76,19.05,69.6,3.119208097,3.735625029,3.955184698,3.314922810,3.677419
gemma4:e4b,46,NO-ERROR,NO-ERROR,The summary accurately reflects the dialogue's key facts and relations.,史蒂夫很高兴他装了一台新的洗碗机。,史蒂夫说洗碗机装好了，妈妈看了照片觉得很漂亮。史蒂夫表示它很安静，并提到它似乎是12个餐具位的，但实际上不用每天都用。妈妈对史蒂夫满意感到高兴。,"Steve: hiya the dishwasher has turned up
 Mum: good did they install it for you
 Steve: yes they did a good job
 Steve: <file_photo>
 Mum: looks really nice
 Steve: yes it does its nice and quiet
 Mum: is it a 12 place setting one?
 Steve: I think so, not that I ever have 12 for dinner lol
 Mum: not but you dont have to put it on every day
 Steve: no every other
 Mum: yes I'm glad you are pleased with it xx
 Steve: I am thanks mum xxx",19.61,0,11.76,69.06,3.479753733,4.145184517,4.196568489,3.534057379,4.235294
gemma4:e4b,47,H-ENT,H-ENT,It incorrectly refers to Henry with a female pronoun.,茱莉亚上周去了考文特花园附近的kohaku咖啡馆，但现在这家店关门了，这让她和亨利大吃一惊。她联系了店主，但还没收到回复。亨利和他的表妹最后去了莉莉家，但那里的气氛不一样。,亨利和茱莉亚谈论了常去的那家咖啡馆“Kohaku”，得知它可能永久关闭，让两人感到遗憾。茱莉亚提到她尝试联系店主但未获回复。最后，她们比较了另一家咖啡馆Lilly's，并讨论了其他替代选择，但亨利对人多的地方不感兴趣。,"Henry: Do you know what happened to cafe Kohaku?
 Julia: The one near Covent Garden?
 Henry: Yeah. I wanted to reserve a table, but I can't find them anywhere. Their Facebook page disappeared.
 Julia: I'm afraid they're closed :(
 Henry: For good?!
 Julia: Afraid so. I've been there last week and wanted to take my cousin there, but the place's empty
 Julia: Probably the rent was too high.
 Henry: Oh no, I loved that place
 Julia: Me too. I checked online for the owners and contacted them, but they haven't replied yet. I hope they will reopen somewhere else
 Henry: Unless they do it far away, the location was perfect. It was a real gem in this touristy district
 Julia: I know, I know... We went the Lilly's in the end, my cousin and I, but it's not the same
 Henry: Eh, that's a pity then, I was so looking forward to their brownie
 Henry: How was the Lilly's?
 Julia: It's all right, it's a different vibe though. I think you should go to the Japan Centre for the same
 Henry: Uhm, don't think so. It's always awfully crowded and there are more tourists than normal people like us",44.04,7.48,34.86,73.85,3.905378103,3.954657316,4.032788277,3.208694935,1.267442
gemma4:e4b,48,H-CIRC,H-CIRC,It specifies train tickets even though the mode of travel is not stated.,卡米拉和汤姆这个周末要去都柏林。,汤姆提议周末去都柏林，卡米拉虽然一开始有些惊讶但最终同意了，并让汤姆购买车票。,"Tom: Have you ever been to Dublin?
 Camilla: Never in Ireland!
 Tom: So let's go there this weekend!
 Camilla: for 2 days?
 Tom: Yes, the weather forecast is great!
 Camilla: I love your crazy ideas!
 Tom: ok, so I'm buying the tickets
 Camilla: <3",33.33,7.14,26.67,72.37,2.432975292,3.705297947,3.665385008,2.551731110,2.437500
gemma4:e4b,49,NO-ERROR,NO-ERROR,The summary accurately reflects the dialogue's key facts and relations.,杰森今天约了牙医，所以他没来。,梅根询问杰森的消息，得知他今天缺席了。苏西告知是因为有牙科预约，梅根表示感谢。,"Megan: Any word from Jason?
 Nathan: Why do you ask?
 Megan: He was absent today :c
 Susy: He had a dental appointment.
 Megan: Thanks for the info :)",33.33,0,26.67,70.64,3.553723335,3.998524189,4.040009975,3.022486925,2.600000
gemma4:e4b,50,NO-ERROR,NO-ERROR,The summary accurately reflects the dialogue's key facts and relations.,到目前为止，吉尔做了20或30次，每天3-4次，35或40小时，所以和艾丽一样。,两人交流了各自的工作量和工作时长，大致在20到30个左右，每天能完成的量有限制，工时大约是35到40小时。,"Ally: how many did you do so far?
 Jill: like 20 or 30
 Jill: I can't do more than 3-4 per day
 Ally: how many hours?
 Jill: 40? maybe 35...
 Ally: ok, same here",40,6.9,30,66.48,2.808324575,3.517836809,3.568945885,2.356646538,1.325000
gemma4:e4b,51,OMIT,OMIT,It omits the follow-up plan to go to James's place after the exhibition and cinema.,詹姆斯和米娅明天想去看艺术展。詹姆斯想让阿米莉亚和他们一起去，但米娅不确定阿米莉亚去不去。之后詹姆斯和米娅会去他家。,詹姆斯告诉米娅，哲学课的讲师阿米莉亚推荐了一个明天开幕的艺术展。尽管米娅对这个组合感到惊讶，但她最终表示愿意去参观，并同意了詹姆斯提议的行程安排（包括看展览和电影）。詹姆斯随后向米娅保证，邀请阿米莉亚并不意味着他不重视两人独处的时光，双方都确认了接下来的计划。,"James: Amelia said that one of our lecturers in philosophy had an art exhibition (!). It opens tomorrow! 
 James: I'm talking about this guy who taught us ethics.
 James: Amelia recommends it :D
 Mia: No way...! :D Professor Evans and art exhibition :D What has happened to this world?
 Mia: But you know what? I would actually like to see it! :D
 James: ME TOO, of course! :p Can Amelia go with us?
 Mia: To the exhibition or to the exhibition and to the cinema? You remember that we have plans for tomorrow...?
 James: both
 James: yes, I do
 Mia: ok
 James: Are you mad at me?
 James: Babe, the fact that I suggested that we might go out with Amelia doesn't mean that I don't value time that we spend together, just the two of us.
 Mia: I know, I said ok.
 James: Are you sure you're fine with this?
 Mia: Yup. :)
 Mia: I just don't know her very well, it's gonna be stressful for me.
 James: :) But you know me, don't you?
 Mia: Maybe I do :D
 James: Really, there's nothing to worry about. Amelia is quite laid-back and likable. ;)
 James: Afterwards we can go to my place and hang out, cuddle and so on... :*
 Mia: Sounds good :) :*
 James: So we're good, right?
 Mia: Right. ;)",36.36,9.26,21.82,71.24,3.752707958,3.946900368,4.080611229,3.409820318,2.241379
gemma4:e4b,52,NO-ERROR,NO-ERROR,The summary accurately reflects the dialogue's key facts and relations.,彩英和亚瑟通知玛丽安娜，史蒂芬研讨会下一次要用的阅读资料周一在印刷店拿不到。丽塔决定明天去看看，如果情况有变，她会让所有人都知道的。,玛丽安询问史蒂芬研讨会下一期的阅读材料是否在打印店，里塔不确定。车英和亚瑟证实周一去时材料不在，且工作人员态度依然差。里塔表示第二天早上会去确认材料是否到，并帮忙要求多印一些，大家对此表示感谢。,"Mariana: Hi, just a quick question. Do you know if the readings for the next session of Stephen’s seminar are in the print shop?
 Rita: No idea, sorry
 Chae-yeong: The only thing I know is that they were not yet there on Monday
 Arthur: Yer, I’ve made the mistake of going on Monday as well and I can confirm the texts were not there and the staff was as rude as always
 Mariana: Sounds familiar
 Rita: I’ll go tomorrow morning and let you know if the texts are available
 Rita: I can’t buy the copies for you because they never have enough at hand but I’ll just ask them to print more for later
 Chae-yeong: No worries
 Arthur: Yeah, just let us know if they’re ready, that’s a huge favour already
 Rita: Cool. Will do! xx",33.68,8.6,25.26,71.25,3.389222860,3.939571381,4.106645107,2.869313240,1.469697
gemma4:e4b,53,H-ENT,H-ENT,It invents an eyewitness as the source of information about the masked attacker.,有人在校园里遭到殴打和抢劫，不得不住院治疗。袭击者戴着面具。官方声明会和新闻报道一起发出。杜鲁门和罗德尼都认为尽管周围有摄像头，但校园安保不达标。,有人在校园内遭到殴打和抢劫，伤者已住院但预计无碍。目前警方尚未查明凶手身份，目击者只知道嫌犯戴了面具。大家猜测这可能是学生所为，并讨论了安保监控的有效性，最后希望尽快抓到人。,"Rodney: Have you heard a guy got beaten and mugged on campus?
 Truman: Oh, man is he ok?
 Ross: Do they have any idea who did it?
 Rodney: They're gonna give an official statement about. There's also gonna be an article in the paper. As far as I know the assailant had a mask on.
 Truman: And what about the beaten guy?
 Rodney: He's in the hospital, but it seems like he'll be fine.
 Ross: You think it was a student?
 Rodney: Who knows what those jocks are capable of.
 Ross: They could do it just for fun.
 Truman: On the other hand its easy to get on campus without being detected
 Ross: There are cameras.
 Truman: If your masked it don't matter. You know how those security guards are
 Rodney: They don't give a fuck
 Ross: True that
 Truman: Hope they catch the guy soon",30.77,13.48,26.37,71.08,3.605534315,3.821750641,4.041254044,3.314194918,1.191781
gemma4:e4b,54,NO-ERROR,NO-ERROR,The summary accurately reflects the dialogue's key facts and relations.,哈维尔最初很想在warsaw ink纹身，但价格太高了。他决定去哥伦比亚做纹身。,贾维尔询问了当地是否有说英语的纹身店，朱迪推荐了“Warsaw Ink”，并展示了女友在那儿纹身的照片。贾维尔对效果很满意，但得知价格是1000后感到震惊，最终决定回哥伦比亚纹身。,"Javier: Hey do you know any tattoo parlors over here with English speaking employees?
 Judie: Oh there's Warsaw ink
 Javier: the name sounds neat... have you had a tattoo done there?
 Judie: nope but my gf has
 Javier: got a pic?
 Judie: <file_photo>
 Javier: wow that looks amazing
 Javier: how much did she pay?
 Judie: it was a 1000
 Javier: fuck
 Javier: let me just get a tatttoo back in colombia then, thx",38.36,11.27,30.14,73.01,3.181666136,3.702442646,3.821998596,2.830991268,2.282051
gemma4:e4b,55,H-MOD|H-EVT,H-MOD|H-EVT,It says Zoey cannot see the scenery and adds a good-night exchange that never occurred.,托马斯住的地方晚上的温度是零下3摄氏度。早晨有霜。佐伊在热带。托马斯星期天在贝尔钦峰附近散步。,佐伊和托马斯寒暄问候，分享了各自的近况。托马斯分享了当地天气和一次在贝尔申山顶徒步的照片，佐伊称赞了美景，并表示自己暂时无法欣赏这样的景色。两人互相道晚安，保持联系。,"Zoey: Hello dear friends, here something to cheer you up on a cold day.
 Zoey: <file_gif>
 Thomas: LOL
 Thomas: Hi there in the tropics! How are you doing?
 Zoey: Staying healthy? Everything's ok?
 Thomas: We are fine, thanks. Everything here is ok. At night the temps fall to -3. Nice white ground frost in the morning.
 Thomas: <file_photo>
 Zoey: Looks so pretty! But we're happy to give these views a miss for a while :)
 Thomas: On Sunday we had a walk around the summit of Belchen - in icy wind but by brilliant sunshine. I think we even got some suntan!
 Thomas: <file_photo>
 Zoey: Gosh! That's pretty! You'll hear from us soon. Take care!
 Thomas: You too!",24.66,5.63,16.44,62.28,2.217120647,4.149282455,4.319556236,2.510120392,1.765957
gemma4:e4b,56,NO-ERROR,NO-ERROR,The summary accurately reflects the dialogue's key facts and relations.,詹姆斯通知说下一届aseees会议将在旧金山举行。克洛伊希望去夏威夷，詹姆斯认为不会去夏威夷举办会议，因为交通费用太高昂了。,大家讨论了下一次ASEEES会议的地点，詹姆斯提到可能在加州旧金山。克洛伊表示希望是在夏威夷，但詹姆斯解释说上次在夏威夷（1993年）因旅行成本过高而受到批评，所以短期内不太可能。,"Emily: Does anybody now where the next ASEEES conference takes place?
 Chloe: Actually I have no idea, but a good question
 James: I've heard somewhere in California
 James: Yes, San Francisco!
 Chloe: not bad, but I really hoped for Hawaii 
 James: hahaha, oh yes, but it won't happen too soon
 Chloe: why do you think so?
 James: The last conference there in 1993 was criticised for the high costs of traveling to the place
 Chloes: I see, pity",41.56,10.67,33.77,78.59,3.595516920,3.773929358,3.945205927,3.117167473,1.451613
gemma4:e4b,57,H-ROLE,H-ROLE,It changes Greg's own 60-minute routine into advice that everyone should exercise for 60 minutes.,罗伯想开始每天做30分钟的体育运动。格雷格已经做了60分钟。安娜想像罗伯一样开始锻炼。,Rob提议发起“离开沙发挑战”，计划每天活动30分钟。Greg认为应该至少达到60分钟，Will建议循序渐进更实际，Anna表示愿意参与30分钟的计划，Greg提醒大家要注意运动多样性，Anna则表示需要大家的鼓励和支持。,"Rob: I wanna start Get off the couch challenge! Who's with me? I'm gonna start with 30 min of activity every day.
 Greg: way ahead of you mate! at least 60 min a day!
 Rob: good for you! 30 min a day is gonna be challenging for me!
 Greg: good luck then!
 Will: don't be too hard on yourself. better to be realistic. fingers crossed!
 Anna: i'm in! 30 min sounds reasonable! 
 Greg: look for variety of exercises such as walking, biking, swimming whatever you enjoy!
 Anna: i'm gonna need lots of support from you guys!",21.05,10.81,18.42,66.3,2.283634663,4.241128922,4.329831123,2.801063061,2.581395
gemma4:e4b,58,NO-ERROR,LANG,The summary accurately reflects the dialogue's key facts and relations.,沃克和布克计划整晚玩游戏。沃克会把布克想要的xbox游戏机带来。,博克提醒沃커带上Xbox主机，尽管之前似乎不喜欢，但沃커称赞了手柄的抓握感，两人决定彻夜游戏。,"Booker: dont forget to carry your Xbox console
 Walker: i thought you dont like the console
 Walker: the grip is amazing
 Booker: haha, yeah it is
 Walker: okay then, ill come with one
 Booker: gaming all night is the plan
 Walker: yaas",14.29,0,9.52,68.52,2.306603432,3.529275656,3.743353128,2.729534149,1.468750
gemma4:e4b,59,NO-ERROR,NO-ERROR,The summary accurately reflects the dialogue's key facts and relations.,马里奥正在卢森堡的机场候机。,马里奥今天在欧洲的各个机场转了一圈，现在在卢森堡。大家祝他玩得开心，并提醒他注意安全。,"Mario: I’ve landed in every airport in Europe today - completely whacked out dude.
 Klara: Where are you now?
 Mario: Waiting in Luxembourg now.
 Eddie: Have fun dude.
 Moe: Only because you love flying so much 😉
 Mario: weather was good for flying everywhere 🙂 Otherwise it would have been trains everywhere 🙂
 Moe: Mario be safe bro
 Mario: You too bro 🙂",25,0,18.75,73.37,3.398436785,4.642944813,4.528925419,3.023844957,3.071429
gemma4:e4b,60,H-MOD,NO-ERROR,It turns Matt's uncertain 'I think so' into a definite confirmation.,约翰不确定今天是否有训练，但马特说有。,约翰询问今天是否有练习，麦特确认有，两人道别。,"John: do we have practice today?
 Matt: yea think so
 John: great thanks see ya there
 Matt: see ya",48,17.39,48,81.55,2.402461529,3.733079672,3.512973309,2.221210957,1.210526
gemma4:e4b,61,OMIT,OMIT,"It omits the two-bottle quantity, the delay of a few hours, and the project-completion condition.",马丁完成计划后将给亚历克斯买两瓶牛奶。,亚历克斯让马丁买牛奶，马丁抱怨刚买过，但最终还是答应了，并称赞了他。,"Alex: Hon, could you buy some milk?
 Martin: You kiddin me, I just bought two yesterday
 Alex: Well, I have nothing for my defense, I'm just craving milk lately:D
 Martin: You're lucky that I love you, two milks coming up in couple of hours, I gotta finish the project
 Alex: You are my hero!",26.67,0,20,70.27,2.720110416,3.429836273,3.512963295,2.425648928,1.789474
gemma4:e4b,62,NO-ERROR,NO-ERROR,The summary accurately reflects the dialogue's key facts and relations.,布莱尔和恰克下班后要去诺娜·丽塔餐厅见婚礼策划人。诺娜·丽塔餐厅供应的意大利面条非常好。,两人提醒对方下班后要见婚礼策划师，地点在Nonna Rita。查克开玩笑地询问是否可以点海鲜意大利面，并提到了上次和黛安会面时弄脏了她的经历。,"Blair: Remember we are seeing the wedding planner after work
 Chuck: Sure, where are we meeting her?
 Blair: At Nonna Rita's
 Chuck: Can I order their seafood tagliatelle or are we just having coffee with her? I've been dreaming about it since we went there last month
 Blair: Haha sure why not
 Chuck: Well we both remmber the spaghetti pomodoro disaster from our last meeting with Diane
 Blair: Omg hahaha it was all over her white blouse
 Chuck: :D
 Blair: :P",32.79,6.78,22.95,67.74,3.350969791,3.959606409,4.074038982,2.902851820,1.590909
gemma4:e4b,63,NO-ERROR,NO-ERROR,The summary accurately reflects the dialogue's key facts and relations.,科尔和路易斯坐在同一个房间里，却在发短信。,科尔和路易斯在同一个房间里开玩笑，科尔让路易斯把枕头递过来，但路易斯要求科尔当面说。两人随后互相调侃，气氛轻松。,"Cole: hey roomie XD XD
 Luis: dude we are in the SAME DAMN ROOM
 Cole: its funny XD
 Luis: -_-
 Cole: pass me my pillow xD
 Luis: not until you say it to my face
 Cole: dude cmon 
 Luis: ...
 Cole: oh youre not gonna talk to your roommate now
 Luis: im not gonna text an idiot whos practically sitting just a few inches from me -_-
 Cole: xD",39.02,20.51,34.15,76.09,3.342827797,4.027240276,4.050415993,3.063910246,2.666667
gemma4:e4b,64,H-MOD,H-MOD,It turns Damian's hope that this may be a turning point into a definite conclusion.,切尔西今天下午赢了哈德斯菲尔德的一场比赛。伊瓜因两度得分。达米安很高兴，他希望这将是切尔西的转折点。,大家聊了切尔西的比赛，达米安因为球员希瓜因打进两球而很高兴，认为这是球队的一个积极转折点；雅各布和梅森对此持保留态度。,"Damian: guys did u watch Chelsea game
 Jacob: no
 Mason: nah, i was busy all afternoon
 Damian: Higuain scored twice! so happy for him
 Damian: I know it was just Huddersfield, but finally something positive happened
 Jacob: having a striker makes a difference
 Damian: yup
 Mason: but cmon huddersfield is abysmal
 Damian: don't be like that, im happy for the team, maybe this will be a turning point
 Jacob: no, I don't think so
 Mason: ha good luck with that",43.33,17.24,33.33,73.37,2.920641184,3.893222809,3.804467678,2.605404377,1.180000
gemma4:e4b,65,OMIT,OMIT,It omits the salient price of 39.,玛伦半小时后就要去镇上了。她将给丽塔买一件礼物——凯泽的带黄色花纹的丝巾。它的售价为39，巴利和玛伦一人出一半钱。,玛琳临走前，让巴里帮忙为丽塔挑选礼物。两人在凯撒的看到丝巾后，最终选定了黄色图案的、最贵的丝巾，并商定各付一半的费用。,"Marleen: Hello my dear, I'll be leaving in half an hour to go to town. If you have any idea for a present for Rita let me know.
 Marleen: Text me here with your ideas for a present for her.
 Barry: But I've got none! I leave the choice entirely to you.
 Barry: I'm at home now.
 Marleen: Am at Kaiser's. Lovely silk kerchiefs. What do you think?
 Barry: One can't have too many!
 Marleen: But isn't it a bit too personal?
 Barry: Not at all.
 Marleen: <file_photo>
 Marleen: Which?
 Barry: The one with yellow pattern, definitely. She loves yellow.
 Marleen: The most expensive of the five.
 Barry: How much?
 Marleen: 39
 Barry: Oh come on. Not so bad.
 Marleen: Shall we go 50/50?
 Barry: OK",37.14,8.82,28.57,70.84,3.850289345,4.048081398,4.132123947,3.100944281,1.035088
gemma4:e4b,66,H-ENT,H-ENT,It changes 'come and see what happened' into an invitation to come see Brook herself.,布鲁克要盖尔过来看看昨天发生了什么。,布鲁克让盖尔来看她，说昨天发生了一些事，盖尔询问是否严重，并表示正在前往。,"Brook: something happened yesterday, you need to come and see
 Gyle: is it bad?
 Brook: you better come home
 Gyle: On my way",32.26,13.79,32.26,76.93,2.981378555,3.846843481,3.940647364,3.022655249,2.055556
gemma4:e4b,67,NO-ERROR,NO-ERROR,The summary accurately reflects the dialogue's key facts and relations.,凯特、米丽娜和里贾娜的演讲进行得很顺利，三个人来听他们的演讲。,大家讨论了展示效果，认为反馈很好。关于听众人数，Regina提到只有三个人，但大家都觉得气氛很温馨友好，Milena和Kate都同意小而有兴趣的观众比一群无聊的人更好。,"Milena: How was the presentation?
 Kate: very good
 Regina: yes, we had a good feedback
 Milena: how many people came to listen to you?
 Regina: 3 but we new it will be very cosy, friendly thing
 Milena: sometimes a small but interested audience is better than random bored people
 Kate: exactly",21.88,0,15.62,63.12,2.205191851,3.234282970,3.479121685,2.315144062,2.709677
gemma4:e4b,68,NO-ERROR,NO-ERROR,The summary accurately reflects the dialogue's key facts and relations.,杰克今年拿到了第一个totw ，汤姆的团队并不出色。,杰克抽到了本年度第一个TOTW，打算在一两个比赛中使用看看，但觉得他不太适合自己的队伍。汤姆祝贺并建议他卖掉，说他会有足够的金币购买合适的球员。两人聊到运气，汤姆抱怨今年的抽卡运气很差，而杰克则开玩笑地夸赞了汤姆的游戏水平。,"Jake: dude, I just pulled a TOTW
 Jake: my first this year!
 Tom: grats!
 Tom: gonna sell it?
 Jake: yeah
 Jake: I'll try him in one or two matches
 Jake: he's not a good fit for my squads
 Tom: you'll have plenty of coins to buy someone that fits
 Jake: that's the plan
 Jake: I got lucky with this one
 Tom: my pull luck sucks this year
 Tom: not a single great player 
 Jake: you're good at the game
 Jake: you don't need help :P
 Tom: I like shiny things :P",25,10.26,17.5,68.6,3.413851500,3.988180876,3.998021364,2.950851917,4.480000
gemma4:e4b,69,H-ENT,H-ENT,It changes Thomas the Tank Engine into a different train character.,凯斯送给外孙乔丹20英镑和一张生日卡，作为他11岁生日的礼物。,卡斯询问乔丹是否按时收到了生日卡和钱。乔丹感谢了卡斯的20英镑，并为没有提前打电话道歉。卡斯提到特意挑选了乔丹喜欢的“汤姆火车”，乔丹表示依然喜欢，并开玩笑地要求下次买足球主题的礼物，因为他现在已经11岁了。两人互相表达了爱意。,"Cass: Hi darling, did you get your birthday card and money on time?
 Jordan: hello Nanna! Thanks for the £20. Sorry I didn't ring you before.
 Cass: you still like Thomas the Tank engine don't you? I picked it specially.
 Jordan: Yes, Nanna. I will always love him! Next time, get me a football one or something. I mean, I'm 11 now!
 Cass: I know, you are so grown up. Love you xxxxx
 Jordan: Love you, Nan xx",26.19,7.32,16.67,66.81,3.960755587,4.125241280,4.339326859,3.255834103,3.677419
gemma4:e4b,70,H-ROLE,H-ROLE,It reverses who asked the first question and who answered it.,对杰西卡来说，最恐怖的地方是巴勒莫的僧帽猴地下墓穴。,凯莉让杰西卡提问，关于“最可怕的地方”。杰西卡以意大利巴勒莫的修道院墓穴开场，提到那里有八千具尸体，可以像博物馆展品一样观看。奥利和米奇对此感到非常惊讶和兴奋。,"Kelly: Oh! Oh! Can I pick the first question?
 Jessica: Sure. Go for it!
 Kelly: What's the scariest place you've been to!
 Jessica: I'll start: Palermo in Italy.
 Mickey: And what's so scary about that? Did you break your nail? :P
 Jessica: Shut it, Mickey! No, there are the Capuchin Catacombs with 8000 corpses! 
 Kelly: Ewwww! Corpses? Rly?
 Jessica: Yeah! And you can look at them like museum exhibits. I think they're divided somehow, but have no clue how!
 Ollie: That's so cool! Do you get to see the bones or are they covered up?
 Jessica: Well, partly. Most of them were exhibited in their clothes. Basically only skulls and hands. 
 Mickey: I'm writing this one down! That's so precious!
 Ollie: Me too!",27.12,10.53,27.12,68.61,3.069938660,3.957823515,3.731219053,2.829492092,3.076923
gemma4:e4b,71,NO-ERROR,NO-ERROR,The summary accurately reflects the dialogue's key facts and relations.,西蒙和查理钦佩波兰的反移民政策和捍卫自身价值观和利益的方式。,两人讨论了欧洲当前的局势，认为欧盟的移民政策降低了公民安全水平。他们以柏林、比利时和巴黎等地发生的治安问题为例，对比波兰相对稳定，并认为波兰有机会在不重蹈西方国家覆辙的情况下快速发展。尽管有人担忧内部冲突，但双方都对波兰人民的抵抗精神表示钦佩，并预测未来波兰有潜力成为欧洲一股力量。,"Simon: <file_photo>
 Simon: It's funny and scary at the same time.
 Simon: BTW it's so annoying that people can't see that such immigration policy reduces safety level for citizens of EU significantly
 Charlie: This photo is great. It totally shows what do we all mean when we criticize EU policy. 
 Charlie: Berlin has put concrete blocks around Christmas fair, Belgium has soldiers running armed around cities and Paris has mass demonstrations and car arsons happening all over the city.
 Charlie: Poland though...
 Charlie: One of the last countries unspoilt by uncontrolled migration and terrorism
 Charlie: The question is - for how long...
 Simon: I always say that there is advantage of the polish situation
 Simon: I mean being economically delayed for few decades
 Simon: Poland has a chance to develop in fast pace and at the same time has a position to avoid all the mistakes other western powers made.
 Simon: The worst thing is that the country is being ostracized by defending it's values and interests. 
 Charlie: Yup. And as long as there are people in Poland ready to defend that values, the country will be marginalized by every other nation.
 Simon: I admire Poles.
 Simon: I admire them for they will to fight.
 Simon: They never give up.
 Charlie: Different countries tried to eliminate them from the map.
 Simon: I tell you, there will be time, when only Poland will have power to fight with internal problems of Europe.
 Charlie: Maybe. But there is a risk that internal conflict will rip the country apart.
 Simon: Let's hope not.
 Charlie: Yup. To conclude: Christmas in Poland will be the best Christmas in Europe :D
 Simon: I agree :)",13.86,2.02,9.9,62.1,2.734084606,3.596060991,3.758271456,2.842107296,4.700000
gemma4:e4b,72,NO-ERROR,NO-ERROR,The summary accurately reflects the dialogue's key facts and relations.,艾德、瓦莱丽、里斯、罗、艾妮、杰西卡、马特都在嘲笑没有婚姻的性爱的罪恶。,大家围绕性行为的道德和目的展开了争论，从是否应该限制在已婚人士、是否必须是传教士式交合，到性爱的唯一目的是生育后，气氛轻松幽默。,"Ed: Sinners!! Sex is for married people
 Valerie: double sin if it’s anything but missionary style!
 Chris: Then you go get married & leave us all alone
 Lor: You better hope all non sin living is worth it or your consciousness after death is going to be butt hurt for eternity lol
 Atnee: Ed, take it easy
 Jessica: And the only purpose for sex is to make babies! !! That's it, hahaha 😂
 Atnee: Lol
 Ed: Valerie , triple sin if you enjoy it!
 Jessica: And only for procreation. :-))) And not to be enjoyed. :-)))
 Matt: Ed, Ok. See you in hell !! 😂
 Ed: Matt , No you won’t. I don’t even look on the direction of another man",26.67,3.45,16.67,57.16,2.529753685,3.629589319,3.758806229,2.734675884,1.777778
gemma4:e4b,73,NO-ERROR,NO-ERROR,The summary accurately reflects the dialogue's key facts and relations.,迈克在伦敦。,杰克惊讶地发现麦克在伦敦，得知消息后祝贺他梦想成真。,"Jake: Maaaan! you in london?!
 Mike: <file_photo>
 Mike: yeah mate! dreams coming true!
 Jake: cool! congrats!",23.53,13.33,23.53,69.01,2.005158901,3.900686264,3.854418755,2.240441561,4.333333
gemma4:e4b,74,NO-ERROR,NO-ERROR,The summary accurately reflects the dialogue's key facts and relations.,里奇和克莱看了一场非常精彩的足球比赛，一个足球运动员把球铲回自己的脚边，特别刺激。何塞信任那个球员。,两人都在讨论波格巴的精彩进球，并认为他本赛季更成熟了，也提到教练和队友都信任他。,"Richie: Pogba
 Clay: Pogboom
 Richie: what a s strike yoh!
 Clay: was off the seat the moment he chopped the ball back to his right foot
 Richie: me too dude
 Clay: hope his form lasts
 Richie: This season he's more mature
 Clay: Yeah, Jose has his trust in him
 Richie: everyone does
 Clay: yeah, he really deserved to score after his first 60 minutes
 Richie: reward
 Clay: yeah man
 Richie: cool then 
 Clay: cool",25.45,0,14.55,61.67,2.877501726,3.740038872,3.818945169,2.425827503,0.800000
gemma4:e4b,75,H-EVT,H-EVT,"It says both watched the program, although Alexa only watched the linked performance clip.",亚历克看到美国的达人秀，他发了个链接给亚莉克莎。,两人观看了《美国有才华》节目，并一致认为其中一位女选手非常出色，甚至觉得她很有可能赢得比赛。,"Alec: Have you seen the last America's got talent?
 Alexa: No. 
 Alexa: Interesting? 
 Alec: <file_other>
 Alexa: The link doesn't work. 
 Alec: Give me a sec.
 Alec: <file _other>
 Alexa: Now it's working!
 Alec: good, watch it, u'll like it
 Alexa: you're right, I like it :)
 Alexa: The girl is amazing!
 Alec: :)
 Alexa: I wish I have had half her skills when I was her age! 
 Alec: She's very good, that's true. 
 Alec: I even thik she might win the edition.
 Alexa: Did you see all candidates?
 Alec: yes
 Alec: And there're a few good, but I personally think she's the best!
 Alexa: I'd be glad if she wins :)",15,0,10,60.8,2.746964693,3.917453527,3.897369146,2.422740459,1.916667
gemma4:e4b,76,NO-ERROR,NO-ERROR,The summary accurately reflects the dialogue's key facts and relations.,詹姆斯要去上班，所以他不看比赛。,汉娜问詹姆斯是否在看比赛，詹姆斯回复说他要去上班了。,"Hannah: Are you watching the game?
 James: No I am head to work : ( 
 Hannah: Oh okay",61.54,25,30.77,80.29,2.537863970,4.092123985,3.664162874,2.526523113,1.625000
gemma4:e4b,77,NO-ERROR,NO-ERROR,The summary accurately reflects the dialogue's key facts and relations.,在多尔夫的提醒下，齐格勒明天会把护照带来。,多尔提醒齐格勒明天记得带护照。,"Dolph: hey
 Dolph: remember to bring your passport tomorrow
 Ziggler: Cool, i will",50,11.11,50,81.04,2.855520964,4.369765282,4.197476387,3.425338745,0.714286
gemma4:e4b,78,NO-ERROR,NO-ERROR,The summary accurately reflects the dialogue's key facts and relations.,威廉在做意大利面，奥莉维亚会给威廉买新鲜的西红柿，贝丝会买巧克力。,威廉让奥利维亚买新鲜番茄，并向贝丝要了晚餐后的巧克力。,"William: hey im making spaghetti
 William: could you please buy some fresh tomatoes
 William: pretty please :)
 Olivia: no problem dear :)
 William: and Beth? it wouldn't hurt to have some chocolate for after the dinner :D
 Beth: I'm on it :D",35.29,6.25,29.41,78.2,4.658808708,4.929143906,4.927193642,3.871027231,0.818182
gemma4:e4b,79,H-EVT,H-EVT,It changes a discussion of attitudes toward men and dating into a discussion of sexual orientation.,蒂娜必须学习黛米的方法，即如何从讨厌男人转变成和他们约会。,两人聊起网络上的话题，随后转到个人情感和性取向的讨论。对话中，他们分享了各自在感情经历后的心境变化，并约定要进行一些“工作坊”来探讨这些问题。最后，谈到生活中的压力（如租房问题），朋友互相鼓励，并确定了见面计划。,"Tina: Hey, Facebook is constantly non stop suggesting Patrick
 Demi: Hahahahaha 
 Tina: I think I have to catch a bit of your approach
 Demi: He's a god. What do you mean...?
 Tina: I have to learn how to transfer from hating men to fucking them haha
 Demi: (Y)
 Tina: as soon as possible
 Demi: Haha! Yeah. I did it, you're right. But i worked on it hard after a huge heartbreak
 Tina: <file_gif>
 Demi: (Y) currently i like men. you have to be chilled with them ;)
 Tina: <file_gif>
 Demi: :D maybe its a mistake... i dont know. Lets organize workshops on that :D
 Tina: I only like one type :D yes plz do it haha
 Demi: Done! but maybe you should chill a bit, look around for ather types ...and see what happens
 Tina: I only dont what my mood depend so much on other people
 Demi: I know! I know it well!
 Tina: this renting case is eating me
 Demi: you have to isolate one bit inside that will be always independent
 Tina: we have to meet, crazy girl!
 Demi: for sure. if youre homeless i will take under my roof
 Tina: between the guyshaha
 Demi: we ll find something
 Tina: <3",9.76,0,9.76,57.28,3.392853260,4.217429638,4.276622772,3.574371338,3.655172
gemma4:e4b,80,H-ENT,,It mistranslates 'function' as a technical feature rather than an event.,埃文会让伊森来的。,艾莉森询问伊万是否和伊桑谈过关于某项功能的事宜，得知伊桑可能不会来。艾莉森让伊万想办法解决这个问题，伊万表示会尽力说服他前来。,"Allison: You talked to Ethan about the function? 
 Evan: Yeah I did
 Allison: What did he say?
 Evan: He might not come
 Allison: Can you do something about that?
 Evan: I will try to make him come
 Allison: K",15,0,5,65.1,2.346695423,3.935204268,3.954434395,3.123922586,7.000000
gemma4:e4b,81,H-DISC,,"It implies an agreement to stop gaming, while the actual advice is to maintain focus and study.",巴特这学期成绩不好，因为他学习不多。他花很多时间玩星际争霸。阿德里安考得好是因为上课专心听讲。,阿德里安问巴特成绩如何，得知巴特经济学期末考试失利，并归咎于自己没复习。两人讨论了学习方法，阿德里安表示自己只是上课认真听讲，而巴特则承认是沉迷星际争霸浪费时间导致成绩不佳，最后约定以后不再分心玩游戏。,"Adrian: Did you get your grades yet?
 Bart: Yeah. My whole semester is screwed up now.
 Adrian: Wait whaaat? Why?
 Bart: Well, I bombed my economy final and ended up with a bad score..
 Adrian: Ouch. That must hurt :/ 
 Bart: Well, it's my fault because I didn't study as much as I should have.
 Adrian: Why don't you re-take the class next year?
 Bart: That's what I plan on doing unless I keep screwing up. How did you do this semester?
 Adrian: I didn't do that bad. I ended up with a reasonable grade.
 Bart: Well someone did his homework :p
 Adrian: I just pay attention during class, I don't study that much actually.
 Bart: Classes are boring, can't pay attention for too long...
 Adrian: Anyway, why didn't you study for the economy final? 
 Bart: Let's just say I screwed up more than my econ class.
 Adrian: What happened?
 Bart: I started playing StarCraft and ended up wasting a lot of time.
 Adrian: Oooohh I know that game but you better stop slacking off.
 Bart: You're right. I'm not going to play games during school anymore.
 Adrian: You can play them, just don't loose focus and study for the exams :p
 Bart: Let's see how it goes xD",21.92,2.82,16.44,71.21,3.257334471,3.562137604,3.752215862,2.946617126,2.148936
gemma4:e4b,82,OMIT,,It omits Sean's joke that Tiffany's spirit animal would be a wasp.,肖恩相信他的灵兽是乌龟，而蒂芙尼可能是黄蜂。,肖恩经过深思熟虑，决定自己的精神动物是乌龟。蒂芙尼对此表示理解，并开玩笑地质疑了肖恩的判断，认为他可能只是被鬼缠身了。,"Sean: After much thought I’ve decided that my spirit animal is a tortoise. Apparently everyone has one now, I only found out about this recently. Tbh I felt lost, like who even am I? After many days of thinking about I finally decided that I am in fact a tortoise.
 Tiffany: That would explain a lot.
 Sean: You would be a wasp.
 Tiffany: Are you sure you're a turtle? Maybe you're just haunted.",29.79,8.89,25.53,71.12,3.431473494,3.804823399,3.948521376,3.085756063,2.681818
gemma4:e4b,83,NO-ERROR,,The summary accurately reflects the dialogue's key facts and relations.,凯特正在给她和乔治买苹果。他们得等到下周才能买到橘子。,凯特在超市，问乔治是否需要水果给学校。乔治要了一个苹果，凯特也买了一个。乔治询问是否有橘子，凯特说下周才有，两人只好等。,"Kate: I'm at the grocery store. Do you like some fruits for school tomorrow?
 George: Oh yes please, an apple would be great
 Kate: Okay, I'm getting me one too
 George: Do they have tangerines yet?
 Kate: No the're coming next week, I asked already:D
 George: Okat then we have to wait",28.57,3.7,25,72.67,3.288051844,3.901318073,3.903896332,3.125740767,2.222222
gemma4:e4b,84,NO-ERROR,,The summary accurately reflects the dialogue's key facts and relations.,茱莉亚回来后会给罗纳德打电话，他有事要告诉她。,罗纳德询问了朱莉娅的周末过得如何，得知她因为父母吵架而心情不佳。两人互相表示理解和遗憾。最后，罗纳德让朱莉娅回来后打电话给他，并暗示自己有件让她非常开心的事要告诉她。,"Ronald: How's your weekend?
 Julia: Fine I guess...
 Ronald: Doesn't sound like you're enjoying it
 Julia: Ehh. My parents are having a fight over where should we eat
 Julia: And honestly I don't event want to eat with them anymore
 Ronald: I'm sorry
 Julia: Yup. Me too.
 Ronald: Call me when you get back.
 Ronald: I've got something to tell you, and I'm sure you're gonna piss rainbows
 Julia: Hahaha. I can see the giraffe from Skittles comercial :D
 Ronald: Sth like that",25.81,3.33,16.13,72.04,4.221691132,4.200856209,4.425222874,3.602855921,3.608696
gemma4:e4b,85,NO-ERROR,,The summary accurately reflects the dialogue's key facts and relations.,马修感冒了，他要喝些橙汁，然后去睡觉。,马修感冒了，丽莎建议他多喝橙汁、吃汤并好好休息。马修表示会尝试，并告知病因是过敏和病毒混合引起的。两人互相鼓励后，马修便去休息了。,"Matthew: I have a cold. Need y'all support. It's painful
 Lisa: Fight it. Drink orange juice. Make some soup
 Matthew: I'll try
 Lisa: I believe in u 
 Matthew: Thank u. Apparently it's an allergy mixed up with virus
 Lisa: Ahh it sucks. 
 Lisa: Take a rest from evrthg.  
 Matthew: Ikr. Hitting the hay now
 Lisa: Good night 'Thew!",29.09,15.09,29.09,73.59,3.922231674,4.170895576,4.347473621,3.163753033,3.421053
gemma4:e4b,86,NO-ERROR,,The summary accurately reflects the dialogue's key facts and relations.,乔茜觉得艾柯的小说《福柯的钟摆》书呆子气。乔茜很想读意大利的艾柯，但她对自己的语言能力没有把握。斯特凡诺认为艾柯的两部小说很难。乔茜读过萨勒曼拉什迪对《福柯的钟摆》的一个负面评论。,两人讨论了埃科的《福柯的钟摆》，乔西觉得这本书很“书呆子气”，斯蒂法诺则辩解说意大利文学不只关于披萨和黑帮。他们谈到阅读难度时，提到《玫瑰的名字》对外国人来说很难，但认为《福柯的钟摆》因为背景设定在80年代，语言上可能更容易理解，尽管内容依然复杂。最后，乔西提到读到了萨尔曼·鲁什迪当年批评这本书的文章，说它更像电子游戏而非小说，引发了两人一番玩笑式的争论。,"Stefano: Hi, Josie!
 Josie: Ciao, Stefano!
 Stefano: So, what about Foucault's Pendulum? Do you like it?
 Josie: It's... weird. Was it really written by an Italian guy? It's so... nerdy.
 Stefano: Oh well, in a sense Eco was the king of nerds. And, you know, not all Italian books are about pizza, mafia and mandolino. :P
 Josie: Yes, I know... I should try and read one of his novels in the original, but I'm not sure my level of Italian is adequate.
 Stefano: The Name of the Rose is really difficult for a foreign speaker of Italian, you know.
 Josie: And what about Foucault's Pendulum?
 Stefano: Well, it's set in the 1980s, so the language is definitely more comprehensible. The content, however, is just as complicated as in the other novel.
 Josie: Btw, I read Salman Rushdie's review of Pendulum, published in the 80s.
 Stefano: Really? What did he say?
 Josie: He hated it and said that it's not a novel, but rather a computer game.
 Stefano: What? Rotfl!
 Josie: That's what Salman said...
 Stefano: Oh well, de gustipus non est disputandum...
 Josie: De gustiBus!
 Stefano: I know, it was a typo!
 Josie: Disgusting pus!
 Stefano: Hahaha.
 Josie: Yuk! That's so creepy.
 Stefano: You're the one who said it!
 Josie: I know. ;)",34.78,16.35,24.84,71.05,3.144085169,3.380809784,3.780072689,2.954406738,1.988889
gemma4:e4b,87,NO-ERROR,,The summary accurately reflects the dialogue's key facts and relations.,下雨了，所以瓦尔和坎迪要等半小时才走。,两人因下雨决定暂缓行程，约定等半小时后再看情况。,"Val: it's raining!
 Candy: I know, just started...
 Val: r we going? we will be wet
 Candy: maybe wait a little? see if stops
 Val: ok. let's wait half h and than see
 Candy: god idea, I call u then
 Val: great :)",32,8.7,32,70.77,2.660189152,3.776881933,3.796314955,2.222779274,1.263158
gemma4:e4b,88,NO-ERROR,,The summary accurately reflects the dialogue's key facts and relations.,托马斯、谢拉和杰里米仍然没有收到赠款。托马斯破产了，每小时都要查看他的银行账户。塞拉提出借钱给他。,托马斯询问大家是否收到拨款，但目前还没有人收到。他表示自己身无分文，并每小时查看一次银行账户，但没有任何进展。塞拉安慰他要耐心，并主动提出可以借钱给他。托马斯对此表示感谢，并希望款项能马上到账。,"Tomas: Has anybody received the grant yet?
 Sierra: no, not yet
 Jeremy: I haven't checked even
 Tomas: I'm completely broke
 Tomas: checking my bank account every hour
 Tomas: but nothing's happening there
 Sierra: lol
 Sierra: be patient. If you need money I can lend you some, don't worry
 Tomas: Thanks, I hope they'll arrive any minute",46.51,16.67,39.53,74.5,4.018639565,4.269569397,4.346511364,3.453080177,1.979592
gemma4:e4b,89,NO-ERROR,,The summary accurately reflects the dialogue's key facts and relations.,卡米拉周六有一些差事要办。查尔斯本周末将访问德国市场。他们正在谈论圣诞食品和饮料。,两人聊了周末的计划，查尔斯和卡米拉得知查尔斯周末要去逛德国市场（伯明翰和曼彻斯特），并对香肠和啤酒表示兴奋。卡米拉表示想去看看，并询问了热红酒的做法，查尔斯介绍了这是用料丰富的饮品，两人聊到去年自己尝试做但没人喝的经历，最后互相祝对方周末愉快。,"Charles: What are you up to this weekend?
 Camilla: Not much. Just some work and errands on Saturday, show Saturday night. Day of nothingness on Sundy.
 Charles: Sounds good. We are going to visit the German markets this weekend. Birmingham and Manchester both. Sausage overload!
 Camilla: Ooh, that sounds really good!
 Charles: Allegedly there are Christmas things going on but I just go for the sausage and beer!
 Camilla: What a shocker.
 Charles: I know!
 Camilla: I'll have to try to get there this year. I've not been for ages.
 Charles: Oh, yeah, they are good. Try the mulled wine too. That's nice.
 Camilla: Never had it. Is it served hot?
 Charles: Yes, exactly. And lots of spices. Usually a red but sometimes they offer a mulled white.
 Camilla: I'm good with red.
 Charles: Inspired us to make our own at Christmas last year, but nobody else drank it.
 Camilla: Bummer!
 Charles: More for me! But oh the hangover.
 Camilla: LOL!
 Charles: Anyway, that's the plan. Hope you have fun.
 Camilla: You too! 
 Charles: Thanks!",19.15,6.52,14.89,66.79,3.596131563,3.868501425,4.006324768,3.397530794,2.975610
gemma4:e4b,90,NO-ERROR,,The summary accurately reflects the dialogue's key facts and relations.,戴安娜和拉塞尔在给妈妈买礼物。,他们决定一起买这个礼物给妈妈。,"Russel: <file_other>
 Russel: look at this
 Russel: It's a perfect present fo mum :D
 Diana: haha, so true! It's not that expensive either!
 Diana: are we buying it?
 Russel: yeah, let's do it :D",50,14.29,25,69.48,2.635678291,4.249854565,4.205450058,2.282834291,1.000000
gemma4:e4b,91,NO-ERROR,,The summary accurately reflects the dialogue's key facts and relations.,安斯利病了，所以她现在不能帮简写论文。,简询问艾恩斯利是否方便帮忙做论文，但艾恩斯利因感冒身体不适，无法提供帮助。简表示理解并祝她早日康复。,"Jane: Are u free now? Could u help me with that thesis?
 Ainsley: I'm sick won't be of much help sorry. I've got a cold and I'm sneezing like a little bitch every 2 seconds
 Jane: Oh... hmm ok. Hope u will get better soon...",15.38,0,10.26,68.31,2.381087542,4.482777596,4.351263046,3.650478601,2.631579
gemma4:e4b,92,NO-ERROR,,The summary accurately reflects the dialogue's key facts and relations.,菲奥娜爱上了他的学生康拉德。,菲奥娜对她的学生康拉德产生了强烈的迷恋，尽管万达提醒她这不合适，但菲奥娜承认自己无法自拔，并表示想要一直待在他身边。万达最终鼓励她采取行动。,"Fiona: I just can’t stand it
 Wanda: What again
 Fiona: When I’m in one room with him… I just go crazy
 Wanda: Conrad?
 Fiona: Yesss, he’s absolutely lovely!!
 Wanda: IT IS YOUR STUDENT
 Fiona: So what? I mean sure, I know it’s… inappropriate xd but still, he’s only 5 years younger than me
 Wanda: It’s so fucked up, I knew you are crazy before but it’s too much
 Fiona: I knoooow when I come back home after the class I can’t do anything for like an hour or two, I just listen to the music
 Wanda: You’re literally in love with him
 Fiona: I mean I don’t expect anything, we’re from different worlds but… Yes, I just want to be around him. All the time xd
 Wanda: So you need to do something about it
 Fiona: Are you crazy, I can’t!!
 Wanda: Why not
 Fiona: What would my boss say if she knew
 Wanda: Will she know?
 Fiona: How can I know what will he do, he can tell his mother as well
 Wanda: Just go for it!!",25.53,8.89,17.02,71.64,3.299346209,4.083656311,4.112706661,3.506243706,5.000000
gemma4:e4b,93,OMIT,,It omits the confirmed meeting on December 11 at 11 a.m.,玛格丽特和埃文斯计划在4日10点和11日11点会面。他们两人都不确定下一次见面的时间，所以他们会在晚些时候定一下约会的日期。,双方确定了12月4日上午10点会面，后续日期暂定，待进一步确认。,"Margaret: Hi, in December I'd like to meet on 4th and 11th around 10:00 or 11:00. 
 Evans: Hi, 4th - we can meet at 10:00.
 Evans: And 11th - at 11:00. 
 Margaret: Okey. And what about 18th?
 Evans: I'm not sure about 18th. 
 Evans: I might not be in town. 
 Margaret: Okey, so we'll see. 
 Evans: Yes. And I'll let you know next week. 
 Margaret: If it's not 18th, maybe we could meet on 17th?
 Evans: If I go away, I won't also be 17th.
 Margaret: Okey, I get it. 
 Evans: But we could meet 14th, if you like?
 Margaret: Hm, I'm not sure whether I'm avaliable. 
 Evans: So let's set these dates later, ok?
 Margaret: Okey and we see each other 4th 10:00. 
 Evans: Yes!",32.14,14.81,25,68.46,2.428897381,3.852824688,3.902410030,2.184805393,0.516129
gemma4:e4b,94,NO-ERROR,,The summary accurately reflects the dialogue's key facts and relations.,通过看照片，阿尔奇认为梅兰妮卷发更好看，路易斯不同意。,两人在看GIF和照片，发现其中一个人物很像Melanie。随后他们就Melanie的造型展开了讨论，关于她留卷发还是直发更美，意见不合但气氛轻松愉快。,"Louis: <file_gif>
 Archie: Wtf? Lol!
 Louis: <file_gif>
 Archie: That one looks like Melanie
 Louis: True! Hahahahah
 Archie: Just like in this pic
 Archie: <file_photo>
 Louis: Lol! It's her!
 Archie: By the way, she was way hotter when she had cury hair
 Louis: I disagree, sir! She looks absolutely gorgeous with straight hair
 Archie: Oh well, you have the right to an opinion even if it's wrong XD",18.52,3.85,18.52,66.21,3.053876877,3.652596474,3.703543663,2.707711458,2.777778
gemma4:e4b,95,H-DISC,,"It links the 80 euros to money lost by missing the train, but it is the Amsterdam return fare.",琳达没赶上火车，下一班一小时后就到了。返回阿姆斯特丹的费用是80欧元。,琳达错过了火车，得知下一班一小时后才到，她对损失的八十欧元感到非常震惊。,"Linda: I missed the train
 Joseph: When is the next one?
 Linda: In one hour
 Darcy: Not a tragedy
 Linda: It was 80 euros
 Linda: Return to Amsterdam
 Linda: I was shocked!!",59.09,23.81,54.55,75.36,3.223725080,3.824217081,3.830199242,2.587243557,1.028571
gemma4:e4b,96,NO-ERROR,,The summary accurately reflects the dialogue's key facts and relations.,莱万多夫斯卡得了麻疹。从17号到19号，所有和她接触过的人都在主楼接种疫苗。,关于Lewandowska生病（麻疹）的消息，她住院了。与她近期有接触的人需要接种疫苗。虽然Joanna的导师是她，但为了防疫，她计划在18日工作前去接种疫苗。,"Joanna: They are sending emails about Lewandowska.
 Merve: What happened?
 Joanna: <file_photo> 
 Merve: Wooow!
 Joanna: She is hospitalized because she has measles.
 Merve: She had what?
 Joanna: Anyone who had contact with her within the last couple of days must get vaccinated.
 Merve: Luckily I didn't see her since the last semester...
 Joanna: I did, she is my thesis mentor :(
 Merve: What will you do?
 Joanna: They are organizing vaccinations in the main building from 17th until 19th.
 Merve: You have to go!
 Joanna: I know... And I just started working so I really don't have a lot of time.
 Merve: Come on, this is really important.
 Joanna: I will try to do it before work on 18th, hopefully I won't lose the entire day...",31.43,8.82,28.57,72.61,2.869357586,3.587424278,3.651768684,2.573518515,2.105263
gemma4:e4b,97,NO-ERROR,,The summary accurately reflects the dialogue's key facts and relations.,卡尔在等梅格，她找不到钥匙，要迟到了。,卡尔催促梅，因为她弄丢了钥匙需要再等五分钟。,"Carl: Where are u?
 Carl: I'm still waiting for u!!!
 Meg: I need 5 minutes more, I've lost my key somewhere :(",44.44,0,29.63,75.73,3.906551838,4.311830521,4.372138977,3.090748310,1.157895
gemma4:e4b,98,NO-ERROR,,The summary accurately reflects the dialogue's key facts and relations.,玛丽亚厌倦了她的工作。,玛丽亚对工作感到极度厌倦，阿娜斯塔西娅劝她冷静，费利克斯警告她不要草率做决定。,"Maria: I'm tired of this job, I can't stand it anymore
 Anastasia: I know, but calm down
 Felix: don't make decisions in this rash
 Maria: :(",30.77,0,23.08,74.29,2.971366405,3.800535440,3.859505892,2.805088282,3.545455
gemma4:e4b,99,NO-ERROR,,The summary accurately reflects the dialogue's key facts and relations.,卢克明天下午2点22分要去冲浪。,卢克今天冲浪非常惨，经历了零波浪、三次摔倒和一次被冲浪板击中头部，但仍期待下次。肯和夏默安慰他这是常态。关于最佳冲浪时间，卢克提到明天低潮时会去，而埃里克质疑了这一点，认为中潮更好；同时，两人讨论到在退潮时看到岩石的风险，最终结论是虽然能看清岩石，但不如直接避免与它们发生碰撞。,"Luke: wow I got my ass kicked surfing today. 0 waves, 3 wipeouts and 1 surfboard to the head! (can't wait to go back though :D)
 Ken: Yaaaay welcome to the tumble dry club - some days is great others just a knock about
 Summer: I almost lost my tooth one time ;) Hopefully next time is better!
 Luke: low tide is 2:22PM tomorrow. I'll be out there
 Eric: I thought mid tide is generally the best ?
 Luke: Oh yeah? Yesterday was low tide. I thought that's best cuz you can see the rocks
 Eric: Seeing rocks is a bad thing. I mean, you want to be aware of where they are for sure. But rocks in your vision = no bueno
 Luke: well I'd rather seem than** run into them. When the tide is out you're not surfing over the rocks",8.6,0,6.45,59.76,3.178549051,3.840906382,3.957813025,3.122196198,8.687500
qwen3.5:9b,0,NO-ERROR,NO-ERROR,The summary accurately reflects the dialogue's key facts and relations.,佩顿给麦克斯提供了卖衣服的网站。他喜欢浏览、试穿衣服，但不一定都会买。他经常买衣服和书，因为他也喜欢阅读。,Max 询问购买衣物的网站，Payton 推荐了多个并解释自己通常只从其中两三个选购。随后两人讨论购物习惯：Payton 喜欢浏览和试穿但未必每次都买，因为若买下所有喜欢的东西就没钱生活了；他也坦言难以抗拒衣物和书籍这两样爱好，尤其热爱阅读各类图书。,"Max: Know any good sites to buy clothes from?
 Payton: Sure :) <file_other> <file_other> <file_other> <file_other> <file_other> <file_other> <file_other>
 Max: That's a lot of them!
 Payton: Yeah, but they have different things so I usually buy things from 2 or 3 of them.
 Max: I'll check them out. Thanks. 
 Payton: No problem :)
 Max: How about u?
 Payton: What about me?
 Max: Do u like shopping?
 Payton: Yes and no.
 Max: How come?
 Payton: I like browsing, trying on, looking in the mirror and seeing how I look, but not always buying.
 Max: Y not?
 Payton: Isn't it obvious? ;)
 Max: Sry ;)
 Payton: If I bought everything I liked, I'd have nothing left to live on ;)
 Max: Same here, but probably different category ;)
 Payton: Lol
 Max: So what do u usually buy?
 Payton: Well, I have 2 things I must struggle to resist!
 Max: Which are?
 Payton: Clothes, ofc ;)
 Max: Right. And the second one?
 Payton: Books. I absolutely love reading!
 Max: Gr8! What books do u read?
 Payton: Everything I can get my hands on :)
 Max: Srsly?
 Payton: Yup :)",37.38,13.33,26.17,71.98,3.146709919,3.672935009,3.854084253,3.048840046,2.301887
qwen3.5:9b,1,NO-ERROR,NO-ERROR,The summary accurately reflects the dialogue's key facts and relations.,凯利很害怕芬兰雕塑花园里的人物，因为她觉得那些人物的脸非常病态。对奥利来说，这就像日本的人偶村，令人毛骨悚然。,奥利、凯莉、米奇和杰西卡讨论各自认为可怕的地方：凯莉提到芬兰的一座雕塑园，那里有上百张表情阴郁的雕像脸；奥利则描述日本的一个村庄，里面的人形雕像数量甚至超过实际居民。大家觉得这些场景都很诡异，最后米奇因有事先行离开，其他人也道别了。,"Ollie: Okay, Kelly! Ur up nxt!
 Kelly: Me? I don't wanna.
 Mickey: C'mon!
 Jessica: Yeah! What's yours?
 Kelly: Fine. It's a sculpture garden in Finnland.
 Ollie: What's scary about sculptures? Wait! Do they resemble vampires and stuff?
 Mickey: Nah, I'm sure they look rly nice.
 Kelly: It's not the sculptures, it's the amount of them and their faces!
 Jessica: Faces? What faces?
 Kelly: Well, they resemble ppl in different activities like hugging, training, doing sport and so on. But the faces are just morbid and there's like a hundred of them. All staring at you!
 Ollie: Another one?
 Mickey: Certainly!
 Jessica: Well, Ollie, ur turn!
 Ollie: Nagoro village in Japan!
 Mickey: Y?
 Ollie: Well, maybe it's not scary, but it similar to Kelly's place. It's just creepy as hell.
 Jessica: Bt y?
 Ollie: Imagine a village with ppl living in it. And in the same village u have these human-sized figures. And there's more of them than the ppl that actually live there!
 Kelly: Creepy AH!
 Mickey: WTF?! Y would ppl even do that?
 Jessica: Idk. Idc. Never. Going. There.
 Ollie: See! Mine was the worst!
 Jessica: Bt not the scariest!
 Ollie: Point taken.
 Mickey: Listen, guys, fun talking to u, bt gotta go. 
 Kelly: Yeah, me too. Bye!
 Jessica: Bye!
 Ollie: Cu!",25.74,2.02,19.8,67.02,3.296293497,3.534200430,3.841860533,3.119132996,2.109091
qwen3.5:9b,2,NO-ERROR,H-ROLE,The summary accurately reflects the dialogue's key facts and relations.,贝拉和埃里克拒绝了一个客户的要求。他们老板很赞赏这个决定。他会吸引新的客户来。,老板并未因拒绝客户请求而生气，反而赞赏了我们的勇敢决定。原来他期待引入新客户（即当前客户的竞争对手），这一举动实为“塞翁失马”。,"Eric: Hey Bella, What happened today in boss's room?? Was he angry??
 Bella: NO NO!!! He wasn't angry at all.. He actually appreciated on our brave deccision to dismiss the request of client..
 Eric: REALLY!! He appreciated this decision..
 Bella: Yeah he really did.. I too was astounded by his reaction...
 Eric: What could possibly lead to this?? I mean , they were potential clients...
 Bella: What he told me was that he was looking forward to bring in new clients which were our current client's competitor..
 Eric: Oh that could possibly be the reason.Well anyways you got appreciation xD congo 
 Bella: hahaha Blessing in disguise xD",41.38,7.14,27.59,70.09,3.104325056,3.906948328,3.903914213,2.882697582,1.641026
qwen3.5:9b,3,H-CIRC,H-CIRC,It turns Carter's current location at the station into the place where he will give Mary money.,玛丽的钱用完了，卡特打算一小时后借给她一点。,玛丽因手头拮据向卡特借钱，卡特表示一小时后在火车站取钱给她。,"Mary: hey, im kinda broke, lend me a few box
 Carter: okay, give me an hour, im at the train station
 Mary: cool, thanks",42.42,19.35,42.42,77.9,4.211064339,4.717231274,4.771553516,3.493922949,1.363636
qwen3.5:9b,4,H-CIRC|H-MOD,H-CIRC|H-MOD,It invents a firm plan for each person to have one or two drinks from Jack's joking 'maybe two.',杰克和梅一会儿要喝鸡尾酒。,杰克提议稍后喝鸡尾酒，迈伊非常赞同并感叹他读懂了自己的心思。当杰克询问她今天是否有些紧张时，迈伊承认确实如此，于是两人决定各喝一杯甚至两杯来缓解情绪。,"Jack: Cocktails later?
 May: YES!!!
 May: You read my mind...
 Jack: Possibly a little tightly strung today?
 May: Sigh... without question.
 Jack: Thought so.
 May: A little drink will help!
 Jack: Maybe two!",12,4.17,12,64.88,3.330729008,3.992264509,4.037286282,3.204611063,5.769231
qwen3.5:9b,5,NO-ERROR,NO-ERROR,The summary accurately reflects the dialogue's key facts and relations.,约瑟夫给艾拉发了一张乌耶克·雅内克家双胞胎奶牛的照片，艾拉很高兴。,约瑟夫分享了一张模糊的照片，显示 Wujek Janek 家的小牛犊。艾拉认出它们是双胞胎小牛并为此感到兴奋和喜爱，还表达了想摸摸它们的愿望。,"Joseph: It's fuzzy but I think you can recognize what's that(^_-)-☆
 Joseph: <file_photo>
 Ella: Ooooo
 Ella: Baby cows??(/◕ヮ◕)/(/◕ヮ◕)/(/◕ヮ◕)/
 Joseph: Wujek Janek has tween cows:D
 Ella: Twins* darling xD
 Joseph: Oh yeah, sorry Twins*
 Ella: Good for him!! So cool❤️❤️
 Ella: Wanna touch them❤️❤️❤️",31.58,10.91,24.56,74.55,3.559612274,4.183979034,4.170691967,3.089018106,2.060606
qwen3.5:9b,6,H-CIRC|H-EVT,H-CIRC|H-EVT,It reverses age and sex details about the dogs and invents a chewing habit from the puppy's name.,之前阿黛尔得到了一只新的可爱的拉布拉多狗，4个月大，名叫秋伊。她的猫咪们和她保持着距离，而小狗波比和露露都很像它们的妈妈秋伊和斯皮迪，都想出去玩。,阿黛尔向罗拉介绍她刚领养的四个月大的拉布拉多幼犬“骨头”，性格活泼爱啃咬。家里的猫们保持距离，而两只母狗波皮和露露则像母亲一样照顾它，快嘴也愿意陪它玩，大家相处融洽没有打斗。两人讨论说雌性幼犬更容易被其他动物接纳，不像成年公狗那样需要隔离或容易好斗。阿黛尔觉得“骨头”很胖也很可爱，罗拉表示迫不及待想见到这位新成员。,"Lola: hey girlfriend, what's up?
 Adele: Oh, hi Lols, not much.
 Adele: got a new dog.
 Lola: another one?
 Adele: Yup. a pup biscuit lab. 4 months. Chewy.
 Lola: how did the others react?
 Adele: the cats keep their distance, Poppy and Lulu seem to mother him. Speedy wants to play.
 Lola: no fighting? that's new.
 Adele: they say puppies are accepted by other animals more easily than older dogs
 Lola: especially girl dogs, probably
 Adele: with the other ones I had to wean them because I took them in as adult dogs. And girls like to fight. like crazy.
 Lola: doggies, right/.
 Adele: that too :P
 Lola: haha. true though.
 Adele: I know, right. Anyway, called him Bones. He's so plump it kinda fit.
 Lola: cute. can't wait to see him.",32.62,7.19,22.7,70.33,3.755094767,3.809306622,3.908425808,3.098578453,2.164384
qwen3.5:9b,7,H-DISC,H-DISC,It creates a false causal link: Laura had agreed before Linda explained that the brownie was not very sweet.,琳达和劳拉明天要去一家意大利餐馆。,劳拉询问明天去哪里，琳达提议去一家意大利餐厅。虽然劳拉记得琳达不吃甜食，但琳达表示那里的意面很棒且布朗尼并不甜，因此同意了她的建议。,"Laura: where will we go tommorow?
 Linda: maybe this italian restaurant?
 Laura: hmm ok
 Linda: i love their pasta
 Linda: and brownie :)
 Laura: i thouht you dont eat sweets
 Linda: this brownie is not so sweet",24.49,8.51,20.41,73.14,2.961070061,3.994830608,3.971257687,3.268518448,3.882353
qwen3.5:9b,8,H-ROLE,H-ROLE,It changes Elliot offering to pick up Mia into an offer to pick up another person.,米娅今晚下班后要和她的女性朋友一起出去。如果她愿意，艾略特会来接她。,米娅下班后想出去参加女生聚会，埃利奥特表示同意并提醒她别太晚，如果需要接人随时打电话。,"Mia: babe, do you mind if i go out after work tonight?
 Elliot: yeah, sure. go for it ;) 
 Mia: thanks, babe. it's gonna be girls night out 
 Elliot: what're u up to?
 Mia: well, you know we gonna grab some drinks have some nice time outside of work
 Elliot: don't be too late please and if you need me to pick u up just give me a ring",34.15,5.13,29.27,71.66,3.737729549,4.108501434,4.222410202,3.111034632,1.264706
qwen3.5:9b,9,H-ROLE,OMIT,It attributes the comment about the Russian situation to Ryan instead of Sebastian.,瑞安和塞巴斯蒂安担心乌克兰的政治局势。,瑞安对局势感到不安，认为俄罗斯的闹剧永无止境，并希望各国领导人能对此做出反应。塞巴斯蒂安表示赞同并表达了同样的担忧。,"Ryan: I have a bad feeling about this
 Ryan: <file_other>
 Sebastian: Ukraine...
 Sebastian: This russian circus will never end...
 Ryan: I hope the leaders of of nations will react somehow to this shit.
 Sebastian: I hope so too :(",16.22,0,16.22,69.6,2.902730465,3.960579872,3.984636545,3.106537104,3.052632
qwen3.5:9b,10,NO-ERROR,NO-ERROR,The summary accurately reflects the dialogue's key facts and relations.,费恩和查蒂明天2点去象堡，他们会在正门碰头。,芬恩邀请扎迪第二天去即将被拆除的象与城堡街区品尝拉丁美洲美食，两人约定下午两点在购物中心主入口见面。尽管计划细节模糊且充满幽默调侃，但扎迪欣然答应并感谢芬恩记得她的喜好，最终愉快地确认了行程。,"Finn: Hey
 Zadie: Hi there! What's up?
 Finn: All fine. You? 
 Zadie: Not bad, thanks 
 Finn: Look, I was thinking of going to this neighborhood called Elephant and Castle tomorrow, it's apparently full of Latin American stuff. Fancy joining? 
 Zadie: Sure! But what's ""stuff""? 😂
 Finn: lol So apparently it's a place were random people from ""Latin America"" (meaning fuck knows which countries) started running small businesses and restaurant, and a nice little community was formed
 Zadie: Oh cool 
 Finn: Then capitalism came and it's all going to be demolished soon, so it's like the last chance to go
 Zadie: What a shame :( Yeah, I haven't had Latin American 😂 food for ages so I'm totally up for it
 Finn: Can't wait to taste this cuisine of unspecified Latino origin lol
 Zadie: 😂😂😂
 Finn: But we can specify time and place if and only if you wish 
 Zadie: I might be tempted to lol I'd say early evening, 2-ish?
 Finn: Yeah, that's fine by me. So most of the places we want to visit are in this Elephant and Castle shopping centre. Shall I see you at the main entrance, wherever that is 
 Zadie: 2 o'clock at unspecified main entrance then? Sounds good to mw
 Finn: Yer
 Zadie: Cool, see you there! And thanks so much for remembering about me 💜💜💜
 Finn: Thanks for saying yes to such an ill-defined plan lmao 
 Zadie: Ha ha You know I love those
 Finn: See you tomorrow then 
 Zadie: Yep Call me if you get lost
 Finn: I will I will 🤙 byeeee 
 Zadie: Toodles",6.06,0,6.06,62.05,3.367996216,3.999031305,4.223534584,2.601453066,4.363636
qwen3.5:9b,11,NO-ERROR,H-MOD,The summary accurately reflects the dialogue's key facts and relations.,汤姆下午2点会在椭圆形会议室与本会面。他会先告诉对方把文件带来。,汤姆和班决定下午两点在椭圆室见面，并警告对方带上所有文件准备一场激烈较量。两人以幽默的口吻表示必须赢得这场战斗，因为正义站在他们这边。,"Tom: Ben. We've decided. 2pm in the Oval Room.
 Ben: Ok, I'll be there
 Tom: Take all your papers, it's going to be a fight! And remember: take no prisoners, shoot to kill!
 Ben: hahaha, we have to win this battle.
 Tom: We will, the justice is on our side.",21.43,0,21.43,70.78,4.031492233,4.153305054,4.381632328,3.035640478,2.093750
qwen3.5:9b,12,NO-ERROR,NO-ERROR,The summary accurately reflects the dialogue's key facts and relations.,艾略特现在没空和乔丹说话，他很忙。晚上6点他会给乔丹回电话。乔丹要去参加布拉德的葬礼，布拉德因肝癌去世了。,埃利奥特因忙碌无法通话，询问能否两小时后回电。乔丹表示将参加同事布拉德的葬礼（其患有肝癌），并约定今晚再联系。得知消息后，埃利奥特表达了哀悼与关心，并确认晚上 8 点致电。,"Elliot: i can't talk rn, i'm rly busy
 Elliot: can i call u back in about 2 hours?
 Jordan: Not really, I'm going to a funeral.
 Jordan: I'll call you tonight, ok?
 Elliot: sure
 Elliot: whose funeral is it?
 Jordan: My colleague's, Brad.
 Jordan: I told you about him, he had a liver cancer.
 Elliot: i'm so sorry man, i hope u're ok
 Elliot: i'll call u at 8 pm",32.94,9.64,23.53,71.42,3.914618254,4.243026257,4.438684464,3.053586006,1.584906
qwen3.5:9b,13,NO-ERROR,H-DISC,The summary accurately reflects the dialogue's key facts and relations.,弗洛要到6号才能预约到做头发。她担心自己头发会变成灰色，所以必须在特易购买一套补色工具。,弗洛因沙龙预约已满直到 6 号才能染发，担心变白发愁；吉娜建议她去特易购买补染套装，弗洛只好答应。,"Flo: OMG, I can't get into the salon until the 6th!
 Gina: What? Why?
 Flo: They're just too busy. I'm going to be gray! LOL!
 Gina: Get you a touch-up kit at Tesco!
 Flo: Gonna have to!",39.29,7.41,32.14,74.47,3.281150818,3.654304743,3.732843876,2.969825268,1.068182
qwen3.5:9b,14,NO-ERROR,NO-ERROR,The summary accurately reflects the dialogue's key facts and relations.,根据杰克所说，理应由大卫承担责任。等杰克回家后他们再谈。,杰基承认昨天大卫说得对，特别是关于承担责任的事；两人约定稍后详谈，杰凯表示回家后会给大卫打电话。,"Jacky: I think you were right yesterday. 
 David: What about? I'm right about most things :P
 Jacky: Yeah, whole you ;)
 Jacky: About taking the blame etc. 
 David: Okey, I remeber. We'll talk later?
 Jacky: With pleasure. I'll call you when I get home.",25,0,20,70.98,2.589276314,3.170020103,3.429889441,2.461940289,1.714286
qwen3.5:9b,15,NO-ERROR,H-DISC,The summary accurately reflects the dialogue's key facts and relations.,阿黛尔放学后得打扫仓鼠笼。,皮特问阿黛尔是否清理了仓鼠笼，她否认并询问是否是她的轮值。皮特确认是她的任务，强调放学后没有借口可以推脱，阿黛尔只好答应。,"Pete: Did you clean the hamster cage?
 Adelle: No. Is it my turn?
 Pete: Yes. After school, no excuses.
 Adelle: Fine.",23.81,10,14.29,70.57,3.271108150,3.743893147,3.924273252,3.066297770,4.692308
qwen3.5:9b,16,NO-ERROR,NO-ERROR,The summary accurately reflects the dialogue's key facts and relations.,玛雅会在药房为伦道夫买5包耳塞。,兰道夫问梅雅是否还在药店，并请她帮忙买四到五盒耳塞。梅雅答应会给他买五盒，兰道夫表示感谢。,"Randolph: Honey
 Randolph: Are you still in the pharmacy?
 Maya: Yes
 Randolph: Buy me some earplugs please
 Maya: How many pairs?
 Randolph: 4 or 5 packs
 Maya: I'll get you 5
 Randolph: Thanks darling",22.86,0,11.43,73.02,3.624426842,4.031160831,4.121337891,2.853905201,2.812500
qwen3.5:9b,17,NO-ERROR,NO-ERROR,The summary accurately reflects the dialogue's key facts and relations.,法蒂玛很担心詹森和艾琳。艾琳遇上了一些问题。但林肯不希望法蒂玛为别人操心太多。,林克和法蒂玛讨论朋友艾琳的困境：她可能患有抑郁症且拒绝就医，导致生活陷入混乱。两人因是否应介入而争执，林克认为这是艾琳自己的问题并指责其童年幸福无需担忧他人，法蒂玛则坚持作为朋友必须帮助她们解决矛盾。,"Lincoln: Heeyyy ;* whats up
 Fatima: I talked to Jenson, he’s not too happy ;p
 Lincoln: the place sucks??
 Fatima: No, the place is ok, I think, we can go there, it’s about Alene
 Lincoln: typical, dont worry about it
 Fatima: He thinks she may have a depression :[
 Lincoln: nothin new, everyone has it, she needs a doctor then
 Fatima: But she won’t go ;/
 Lincoln: so she’s destroying her life fuck it its not your problem
 Fatima: It is, they’re both my friends!
 Lincoln: you better think what to do if they break up
 Fatima: Ehh yes Ill have a problem ;//
 Lincoln: both blaming each other and talking with you about it, perfect
 Fatima: Alene is just troubled… She’d been through a lot…
 Lincoln: everyone has their problems, the question is are ya doin sth about them
 Fatima: She has problems facing it, don’t be surprised :[
 Lincoln: then it is her problem
 Fatima: You are so cruel at times… o.O
 Lincoln: maybe, for me its just a common sense
 Fatima: Why can’t everyone be just happy???
 Lincoln: youll not understand, you had good childhood, nice parents, you have no idea
 Fatima: Probably, true… Well I can be just grateful o.o
 Lincoln: do that and stop worrying about others, youre way to bautful for that <3
 Fatima: :*:*:*",20.51,0,17.95,66.84,2.933622360,3.655076742,3.908463240,3.216141224,2.564103
qwen3.5:9b,18,NO-ERROR,H-ROLE,The summary accurately reflects the dialogue's key facts and relations.,米科和杰夫要去参加村里的聚会，杰夫开车。,Lia 因徒步太累不想参加乡村派对，而 Mico 想去寻找“帅哥”，Jim 则调侃那些不会说英语的土著男孩。尽管 Lia 不感兴趣，Jeff 和 Mico 决定前往，并提议开车以便喝酒，Jeff 虽兴致不高但也同意同行。,"Jeff: Should we go to the village party?
 Lia: I'm too tired after hiking
 Mico: I'd like to go, there may be some hot boys!
 Lia: I doubt
 Jim: like a real village boy?
 Jim: who doesn't even speak English?
 Mico: yes, the dummer, the better
 Jim: haha, stupid fucks good, they say
 Mico: I confirm!
 Lia: not my cup of tea
 Mico: I'll go there, who wants to join?
 Jeff: I'll go as well
 Mico: wanna drive?
 Jeff: so you could drink?
 Mico: would be nice, hahah
 Jeff: not excited, but ok
 Mico: thanks!",16.22,0,10.81,66.94,3.376783133,3.899118423,4.066903114,3.476668358,5.000000
qwen3.5:9b,19,OMIT,OMIT,"It omits that Ela was not answering Harry's calls, the reason Cindy was asked to contact her.",艾拉没有接哈利的电话。在哈利的请求下，辛迪给艾拉打了电话。,哈利请辛迪帮忙紧急联系艾拉通话，辛迪抱怨他总把自己当传声筒后答应转达并告知任务完成。,"Harry: heyyyy are you there??
 Cindy: Yes dear what is it?
 Harry: Can you call Ela and tell her i need to talk urgent please pick my call.
 Cindy: what happened now? an other fight :O
 Harry: please tell her
 Cindy: MAN! you guys... am i some kind of a messenger service here?
 Harry: PLEASEEEEEEEEE ?
 Cindy: ok doing.... but thats the last time.
 Harry: Yes like always:P
 Cindy: Hate you seriously man.
 Harry: Thank you
 Cindy: Done you can call her now.",18.6,4.88,13.95,66.28,2.366235971,4.356005669,4.283148766,3.734897137,1.448276
qwen3.5:9b,20,H-EVT,H-EVT,It adds a real scam to what was only Ken's prank demand for his money back.,肯恩正试图捉弄格雷格。,肯向格雷格索要被骗走的钱，并开玩笑说是自己恶作剧；格雷格回应说既然对方是恶作剧者，那自己也回敬一句“去你的”。,"Ken: Fuck you, you pimp
 Greg: What?
 Ken: Fuck you man, I want my money back
 Greg: Was your account hacked by some prankster?
 Ken: No, I'm the prankster, just having a laugh at your expense
 Greg: Well, fuck you too then XD",5.56,0,5.56,62.52,2.443427563,3.944147587,3.918360472,3.011359930,5.000000
qwen3.5:9b,21,H-EVT,H-EVT,It changes a plan to talk again at five into an in-person meeting.,西蒙五分钟后会和阿德里安谈一谈。,艾德里安询问西蒙能否说话，得知对方不太方便后便表示没什么重要的事。随后两人约定在五点见面交谈。,"Adrian: Can you talk?
 Simon: Not really, anything important?
 Adrian: Not that much.
 Simon: I'll be free at 5
 Adrian: i'll you then",6.06,0,6.06,64.1,2.953128576,3.810804367,3.892356873,2.672146797,2.937500
qwen3.5:9b,22,H-DISC,H-DISC|H-EVT,"It says Kat agreed to meet and then refused, although she never agreed.",加布想在线下和凯特见一面。但是凯特不喜欢加布的要求，所以她不会再和他说话了。,加布和凯特在聊天后约定见面，但凯特因担心网络交友风险而拒绝。尽管加布试图解释两人已建立联系并表达想亲近的愿望，凯特仍认为这是错误决定并最终离开，留下加布焦急寻找她的身影。,"Gab: Ah that's better. Now we can message all we like.
 Kat: :-)
 Gab: So when can we meet up for a drink?
 Kat: Fairly busy at the moment so I'm not sure when.
 Gab: I'd love to meet you in real life.
 Kat: I don't meet strange men from the internet.
 Gab: Why not?
 Kat: Not that sort of gal.
 Gab: But you're talking to me, aren't you?
 Kat: Yes, but that's different.
 Gab: How so?
 Kat: Just is.
 Gab: But it would be so much nicer to do this cuddled up right next to you...
 Kat: I think this was a mistake.
 Gab: Are you there?
 Gab: Where did you go?
 Gab: Kat?",26.67,2.74,24,68.91,3.121499538,3.852032423,3.969652653,3.284921408,2.236842
qwen3.5:9b,23,NO-ERROR,NO-ERROR,The summary accurately reflects the dialogue's key facts and relations.,阿加莎为自己感到骄傲，因为她已经完成了经济学相关的报告。她对经济学很感兴趣。,阿加莎表示经济学演示文稿已准备就绪，亚当询问后得知主题有趣且基于最新研究。两人确认了阿加莎对经济学的浓厚兴趣及专业能力。,"Agatha: My presentation is ready as we speak :)
 Adam: oh cool, what course?
 Agatha: Economics.
 Adam: Is it interesting? I mean... your presentation.
 Agatha: Definitely, I used recent research.
 Adam: Sounds like you know what you're doing :P
 Agatha: I'm just really into economics :)
 Adam: no doubt about that",32,4.17,20,69.43,3.024676800,3.687421322,3.800199509,2.800775051,1.578947
qwen3.5:9b,24,NO-ERROR,NO-ERROR,The summary accurately reflects the dialogue's key facts and relations.,凯恩向香农推荐30秒上火星乐队的新专辑。,凯恩问香农是否听说三十秒到火星的新专辑，并推荐她听听看。香农感谢了他的建议。,"Kane: have you heard the new 30 seconds to mars album?
 Shannon: no, is it good?
 Kane: you should so check it out
 Shannon: ok thanks for the recommendation
 Kane: no prob",36.36,6.45,30.3,76.34,3.465901375,4.286064148,4.433013916,2.745608330,1.900000
qwen3.5:9b,25,H-ROLE,H-ROLE,"It implies that several women are in relationships with Tom, although only Anne is dating him.",米兰达昨天打电话给汤姆，很甜蜜地和他讲话。安妮很生她的气，因为她正在和汤姆约会。,安妮和凯瑟琳对米拉达的嫉妒行为感到愤怒，认为她故意破坏她们与汤姆的关系以从中作梗。诺拉则反驳说米拉达并非汤姆的类型。,"Anne: I hate that bitch!
 Catherine: What did she do again???
 Nora: Who's the bitch?
 Nora: Sorry I missed something
 Catherine: Miranda!!! 
 Catherine: We all hate her
 Anne: Yesterday she called Tom, was all sweet with him you know how she can be....
 Catherine: No way she did it!! How dare she!! She knows you guys are dating.
 Anne: I think that's why she did it. She wants to take Tom away from me.
 Nora: Oh, come on! She's not his type!",28.07,0,21.05,67.62,2.883190632,3.807235718,3.800535440,2.633845329,1.450000
qwen3.5:9b,26,H-ENT,H-ENT,It incorrectly expands LSE as Imperial College London rather than the London School of Economics.,莉莉和托马斯度过了一个美好的夜晚。托马斯是罗马尼亚人，来自一个非常富有的家庭。,莉莉与一位名叫托马斯的罗马尼亚富家子弟度过了令人难忘的夜晚。尽管他在伦敦帝国理工学院（LSE）就读，看似符合预期，但莉莉原本担心他会平庸乏味，结果却发现他无论在身材、热情还是财力上都远超想象，让她乐得头痛。凯特为她在过去几周后的这次快乐时光感到高兴，两人对此表示赞同。,"Lily: I spent an amazing night with this guy
 Kate: What's his name?
 Lily: Thomas
 Kate: Is he English?
 Lily: He is Romanian, but from an extremely rich family, it seems
 Kate: What does he do in London?
 Lily: LSE
 Kate: of course, so predictable 
 Lily: Hahah, but I expected him to be more banal and boring
 Kate: but?
 Lily: to be more mediocre...
 Kate: in size, in passion or in wallet?
 Lily: In everything. I've had so much pleasure that I have a headache
 Kate: I'm glad to read that. You deserved some fun after the last weeks.
 Lily: haha, I agree!",20.83,6.38,18.75,66.04,3.926269054,3.964976072,4.138708591,3.558486938,3.435897
qwen3.5:9b,27,NO-ERROR,NO-ERROR,The summary accurately reflects the dialogue's key facts and relations.,杰克预定了三张明天晚上七点的票。他能享受七折优惠。,Melanie 表示已委托拥有工作折扣的 Jake 预订明天的门票，随后 Bob 确认收到消息：已成功订好三张晚上七点的票并享受了百分之三十的优惠。,"Bob: did you reserve the tickets for tomorrow?
 Melanie: Jake promised me he will do that
 Melanie: he has some workplace discount on them
 Bob: Jake are you here?? Did you reserve the tickets?
 Jake: yes I did, 3 tickets for tomorrow, 7 pm
 Jake: and we got a 30% discount on them too :)",37.04,11.54,25.93,74.86,3.002823591,3.983212471,3.900926828,2.661008358,2.760000
qwen3.5:9b,28,NO-ERROR,NO-ERROR,The summary accurately reflects the dialogue's key facts and relations.,彼得最近一直在他们办公室附近的健身房锻炼以改善健康状况。为了更健康，丽莎正在考虑锻炼和更加合理饮食。,丽莎与彼得讨论近期健康状况，彼得以健身改善健康而非减重。两人交流了去健身房锻炼及均衡饮食的重要性，并强调充足睡眠对长期保持健康的必要性，一致认为需坚持规律的生活方式以维持良好状态。,"Lisa: Hello Peter. What have you been doing off late?
 Peter: Bit busy with work.
 Lisa: Too much of work, huh?
 Peter: Not really, I’ve been working out
 Lisa: Ohh, trying to get in shape?
 Peter: Nah, I don’t have much of weight to lose, just want to improve my health.
 Lisa: That’s a good thought. I was also thinking of working out a bit. What do you do? Do you go to a Gym?
 Peter: Yes, I hold a membership with the one near our office.
 Lisa: Which exercises do you do regularly?
 Peter: I do weights and run on the treadmill.
 Lisa: Besides exercises, I think I need to eat better to help me keep in shape.
 Peter: Another major requirement for good health is sleep. On an average one requires at least 7-8 hours of sleep.
 Lisa: There are a lot of things we can do to stay healthy.
 Peter: Yes. One needs to maintain a regime to stay healthy for a long term.",31.58,5.41,18.42,70.99,2.741355658,3.515236855,3.757512331,2.814030647,1.800000
qwen3.5:9b,29,NO-ERROR,NO-ERROR,The summary accurately reflects the dialogue's key facts and relations.,杰西卡在市中心的二手商店买了一张桌子、六把椅子、一个花瓶和一堆衣服。这些一共花了70欧元。,杰西卡在下城的二手店买了很多东西，包括一张橡木桌、六把椅子、一个花瓶和一堆衣服。她特别喜欢一条黑色连衣裙并决定买下它。所有物品仅花费了 70 欧元，让她非常开心。,"Jessica: I went to the second hand shop downtown 
 Frank: Cool
 Raphael: What did you get?
 Jessica: Lots of stuff
 Jessica: A table, six chairs, a vase, a pile of clothes
 Frank: That's really a lot of stuff :-)
 Raphael: send us pictures
 Jessica: <photo_file>
 Jessica: <photo_file>
 Raphael: Beautiful table
 Raphael: Is it wood?
 Jessica: yes, oak 
 Raphael: Awesome
 Jessica: <photo_file>
 Frank: These are the clothes?
 Frank: I love the black dress
 Jessica: It's absolutely beautiful
 Jessica: As soon as I saw it I knew it would be mine
 Jessica: I'm so happy with what I bought
 Jessica: And the best is I paid only 70 euros for all of that!!",51.95,32,51.95,81.58,3.894391537,4.192494869,4.237077713,2.996873379,1.755556
qwen3.5:9b,30,H-ENT,H-ENT,It changes Desiree's name to Debbie.,卢西恩不在家。德西蕾希望卢西恩把她的意大利面放在微波炉里。,Debbie 问 Lucian 是否都在家，Lucian 表示刚收到消息并不在家且没做饭，Debbie 便让他把意大利面留在微波炉里。,"Desiree: U both at home?
 Lucian: No. I've just got ur msg. Why did u ask about it?
 Desiree: No reason. Keep my pasta in the microwave
 Lucian: I haven't cooked anything",32.65,17.02,32.65,75.99,3.597792864,3.477266312,3.545399189,3.050557613,2.137931
qwen3.5:9b,31,NO-ERROR,NO-ERROR,The summary accurately reflects the dialogue's key facts and relations.,艾米丽、凯特和玛塔今天要去中央车站的x酒吧喝一杯。,艾米丽提议下班后去中央车站的 Pub X 喝一杯，凯特和玛塔表示赞同。考虑到交通状况，凯特预计六点到达，大家约定届时见。,"Emily: fancy a drink after work today?
 Kate: sure!
 Marta: Good idea! 
 Marta: Where? When?
 Emily: Maybe in the Pub X at the central station at 5.30?
 Kate: I may be closer to 6, traffic on my way
 Marta: Fine for me.
 Marta: See you then, Ladies!
 Emily: Bye! see ya :*
 Kate: :*",45.83,26.09,29.17,74.31,3.471575260,3.918578625,3.938376427,2.957448244,2.280000
qwen3.5:9b,32,NO-ERROR,NO-ERROR,The summary accurately reflects the dialogue's key facts and relations.,今天玛丽没有去上学，她就待在家里。,玛丽向朋友打招呼，得知她今天没去学校而是待在家里时，爱丽丝表示很羡慕。,"Mary: Hi my friend :*
 Alice: U re not at school?
 Mary: No i stayed at home today.
 Alice: Lucky u!",42.86,0,28.57,76.88,3.498117208,3.892306328,3.937991142,2.986268520,2.058824
qwen3.5:9b,33,H-EVT,H-EVT,It replaces the discussion of visiting and the room light with unsupported advice about phone interruptions.,克莉丝汀病了，明天不来上学了。安妮会把西拉夫的香囊放在邮箱里。克莉丝汀不想把病传染给她。,安妮询问克里斯汀是否去上学，得知她因患流感身体不适。两人交流症状后，安妮表示家中还有感冒药将放入信箱，并建议若需休息可不必担心来电打扰。,"Annie: Are you going to be at school?
 Christine: Not tomorrow. I am not well.
 Annie: Oh noes! What happened?
 Christine: Got the flu, I think.
 Annie: what's your temperature?
 Christine: Not high, I'm not running a fever or anything
 Annie: Are you eating ok?
 Christine: Yeah. Just blocked nose, sore throat. Tired.
 Annie: Sounds like you've got a cold. You need anything?
 Christine: I could do with some Theraflu.
 Annie: OK, I think we've still got some sachets, should be in date. I'll drop them through your letterbox later on.
 Christine: Yeah. Don't call in because I'll feel bad if you catch this cold off me.
 Annie: I think I probably had it already, but you might be sleeping.
 Christine: If the light in my room is on, call if you want.",21.21,3.12,12.12,66.87,3.205150127,3.846091270,3.911568403,2.917459488,1.545455
qwen3.5:9b,34,NO-ERROR,NO-ERROR,The summary accurately reflects the dialogue's key facts and relations.,沙尔多纳通过手机发送了婚礼邀请，因为她没有时间亲自去送邀请函。,Shaldona 通过即时通讯软件向 Piper 发送婚礼电子请柬，解释因时间紧迫无法亲自送达。Piper 对此表示不满，认为若连亲递请柬的时间都没有却指望他人参加婚礼，显得过于贪婪。,"Shaldona: WE ARE GONNA GET MARRIED ❤️❤️
 Shaldona: <file_others>
 Shaldona: This is our mobile inviation for our wedding.
 Shaldona: Invitation*
 Piper: Hey. You haven’t sent me any messages for a few years.
 Piper: And now you are sending me your wedding invitation 
 Piper: THROUGH MESSENGER?
 Shaldona: .....
 Shaldona: Well..
 Shaldona: I had no enough time to meet everybody and give this in person.
 Shaldona: Hope you understand.
 Piper: If you don't have time to give the invitation card in person but expect people go to your wedding
 Piper: Shaldona, if so, you are too greedy.",22.58,0,19.35,68.94,3.428227186,3.830088854,3.968817234,3.210913420,2.838710
qwen3.5:9b,35,H-EVT,H-EVT,It changes forgetting the keys at home into losing them.,康拉德忘了带钥匙，所以回不了家。瑞贝卡和蒂芙妮回来得晚，他得在咖啡厅等。,康拉德在屋外弄丢了钥匙，蒂芙尼预计十点到十一点回家，而丽贝卡会更晚才回来。康拉德很担心，决定去咖啡店等待。,"Conrad: I'm outside the house
 Conrad: I forgot my keys...
 Rebecca: 💩
 Tiffany: I'll be home at 10-11
 Rebecca: I'm coming back even later
 Conrad: Oh no...
 Conrad: I'll wait in the coffee shop",32.73,3.77,25.45,77.19,3.739900112,4.086612701,4.168862343,2.945024014,1.472222
qwen3.5:9b,36,NO-ERROR,NO-ERROR,The summary accurately reflects the dialogue's key facts and relations.,卢德米拉小时候最喜欢的恐龙是三角龙。,雅科波问露德米拉小时候最喜欢的恐龙是什么，她回答是三角龙。雅科波表示稍后告诉她原因。,"Jacopo: hey, did you have a favorite dinosaur growing up?
 Ludmila: yes, triceratops. why?
 Jacopo: i'll tell you why later.",51.43,48.48,51.43,79.61,2.233915329,3.352425337,3.094825745,2.088251591,2.333333
qwen3.5:9b,37,H-CIRC,H-CIRC,It says the color is already dark and adds unsupported urgency to buy the dress immediately.,在玛丽亚和妮可的建议下，克莱尔正在订购她的婚纱。,克莱尔向玛丽亚和妮可展示了一件衣服，认为颜色略显暗淡。两人则极力称赞该颜色非常适合新娘且价格实惠，鼓励她立即购买以免后悔。最终在朋友的劝说下，克莱尔决定下单这件裙子。,"Claire: Check this out :)))
 Claire: <file_other>
 Maria: !!
 Nicole: Absolutely perfect for you!!
 Claire: I guess so
 Claire: But it could be a bit darker, cause this color is not very vivid
 Nicole: Noooooo, I think this color is perfectly good for the bride
 Maria: And it's no that expensive :)))
 Claire: Yes, the price appeals to me xD
 Nicole: You should order that dress
 Nicole: I think you won't regret
 Maria: Don't hesitate, it's incredibly beauty!!
 Claire: Ok, if you say so :))",30,13.79,23.33,71.75,3.178864002,3.904263020,3.989280462,2.942541122,3.458333
qwen3.5:9b,38,H-ROLE,H-ROLE,"It says Brenda met Miro at the party, although Abby did.",米罗和他的父母说阿尔巴尼亚语。他的家人在20世纪90年代非法出境离开了阿尔巴尼亚。,艾比询问是否见过米罗，戴伦和布兰登表示尚未有机会接触。布伦达提到昨天在派对上曾与米罗见面，艾比称赞他很有趣并讲述了其父亲上世纪 90 年代初从阿尔巴尼亚沿海城市杜雷斯非法逃离至美国的经历：当时当地极度贫困、秩序混乱，人们争相登上任何可用船只以离开故土；照片中甚至包括他的父亲。戴伦对此感到既令人震惊又着迷。,"Abby: Have you talked to Miro?
 Dylan: No, not really, I've never had an opportunity
 Brandon: me neither, but he seems a nice guy
 Brenda: you met him yesterday at the party?
 Abby: yes, he's so interesting
 Abby: told me the story of his father coming from Albania to the US in the early 1990s
 Dylan: really, I had no idea he is Albanian
 Abby: he is, he speaks only Albanian with his parents
 Dylan: fascinating, where does he come from in Albania?
 Abby: from the seacoast
 Abby: Duress I believe, he told me they are not from Tirana
 Dylan: what else did he tell you?
 Abby: That they left kind of illegally
 Abby: it was a big mess and extreme poverty everywhere
 Abby: then suddenly the border was open and they just left 
 Abby: people were boarding available ships, whatever, just to get out of there
 Abby: he showed me some pictures, like <file_photo>
 Dylan: insane
 Abby: yes, and his father was among the people
 Dylan: scary but interesting
 Abby: very!",27.52,1.87,16.51,66,2.722426891,3.379974365,3.631645441,2.647079706,3.682927
qwen3.5:9b,39,H-CIRC|H-EVT|H-DISC,H-CIRC|H-EVT|H-DISC,"It confuses Dan's return and driving times, invents an early ending, and distorts the final joke.",丹、蒂姆、克里斯和马丁8点碰面。丹和马丁这次会放松一下。汤姆来不了，因为他岳父岳母家有个聚会。,丹、蒂姆和克里斯计划周六外出，但汤姆因要去岳父母家参加派对而退出。由于丹周日中午需要开车回家，大家不得不提前结束聚会并放慢节奏，这让蒂姆等人显得像六十岁的人一样疲惫，最后两人互相调侃对方是否是最剩下的两个“老人”。,"Dan: Guys, so are we going out on Sat?
 Tim: I'm ready when you are
 Chris: I'm OK too, in the centre right?
 Tom: I'm out guys sorry. 
 Dan: come on Tom, what's wring this time
 Tom: told ya before. party at in-laws
 Chris: always the same story right
 Martin: right guys, so what time?
 Tim: start @8? finish. 8 if we're lucky
 Dan: yeah, i need to be home at 2 and ready to drive on Sunday noon
 Chris: so you takin it easy this time
 Martin: i guess i'd have to as well
 Tim: guys you sound like 60 yos
 Chris: Tim, are the last two standing or what?
 Tim: i gather
 Dan: you two will also grow up one day.",26.37,4.49,17.58,66.43,3.416882515,3.946362495,3.956780910,2.927470207,2.276596
qwen3.5:9b,40,H-ENT|H-EVT,H-ENT|H-EVT,It changes Nada's current laptop into a spare and invents that Trados provided assistance.,迪玛的笔记本电脑坏了，因为她的猫把咖啡洒在笔记本电脑上。 迪玛很担心，因为她明天必须为trados提供翻译。一个小时后迪玛会来纳达家，借纳达的笔记本电脑。,迪玛因笔记本电脑被猫打翻咖啡损坏，急需在明天上午九点完成翻译任务而陷入困境。她向娜达借用了她的备用电脑，并感谢对方提供的帮助和 Trados 软件的支持。两人还讨论了需要投资购买备份设备的重要性，约定一小时后取回电脑。,"Dima: hello! 
 Nada: hey girl, what's up?
 Dima: I'm in a huge trouble, my laptop is broken and I have to deliver a translation tomorrow @9 😱😱
 Nada: fuck what happened??
 Dima: the stupid cat spilled coffee on it 😣😣 I'm freaking out!
 Dima: you still have your old laptop? is it possible to lend it to me please?
 Nada: no sorry, I've given it to my brother - but you're lucky! I've taken these two days off so you can take mine
 Dima: ooh man! thank you sooo much!!! if it weren't for Trados, I wouldn't be panicking :( 
 Nada: no worries, it happened... but I always think about this... like man, we need some back up laptops!
 Dima: I know! but I always change my mind and spend the money elsewhere lol
 Nada: yeah, but it's like our only tool! so we need to invest in it
 Dima: yup, true !
 Dima: can I come in an hour to pick it up?
 Nada: yes :) ttyl!",39.6,2.02,19.8,72.1,4.306618690,4.266024590,4.425037384,3.481458664,1.407895
qwen3.5:9b,41,NO-ERROR,NO-ERROR,The summary accurately reflects the dialogue's key facts and relations.,杰瑞40分钟后到家。,杰瑞和珍妮特互相问候后，杰瑞告知自己四十分钟后到家。珍妮特抱怨老板难缠，杰瑞表示理解并附和。最后两人约定稍见，互道珍重。,"Jerry: Hi sweetie :)
 Janet: Hi sugar ;)
 Jerry: I'm coming home
 Janet: Can't wait ;)
 Jerry: I should be there in 40 minutes
 Janet: Ok, I'm waiting for you :)
 Jerry: How was your day?
 Janet: Oh, it was ok but my boss is a pain in the ass sometimes
 Jerry: I know, she can be a bitch :P
 Janet: Yes she can! ;)
 Jerry: See you later darling
 Janet: <3",21.05,11.11,21.05,71.36,3.509921789,4.076890945,4.261724949,2.812734365,6.000000
qwen3.5:9b,42,H-ROLE,H-ROLE,It changes Sally from the person introducing the gossip into someone asking others for it.,娜塔莉怀了戴夫的孩子。简认为萨莉不应该告诉别人，因为娜塔莉是私下告诉他们的。亨利埃特和格雷格很惊讶，孩子的父亲居然是戴夫而不是迈克。,萨莉向朋友们打听娜塔莉的八卦，尽管简表示不该泄露她私下告知的秘密，但众人仍好奇追问。当有人猜测孩子父亲是迈克时，萨莉揭晓答案竟是戴夫，令亨利特和格雷格大为震惊并认为此事荒谬至极。,"Sally: Hi guys have you heard about Natalie?
 Tom: No. What about her?
 Jane: You're such a gossip girl, Sally!
 Sally: Come on! I'm sure you're all curious.
 Tom: I am. 
 Sally: Relax Jane, what's your problem?!
 Jane: She told us in confidence, I don't think we should share it with others.
 Greg: Now I'm also curious
 Henriette: Tell us! 
 Henriette: Is she pregnant? 
 Sally: 💣💣💣
 Sally: Guess who's the father!!!
 Henriette: I knew it!
 Henriette: Is it Mike?
 Sally: Dave!!! 
 Henriette: WHAT????
 Greg: That's insane!",41.3,2.22,26.09,74.2,3.624656916,3.933289051,4.027350903,3.348222733,1.348485
qwen3.5:9b,43,NO-ERROR,NO-ERROR,The summary accurately reflects the dialogue's key facts and relations.,丽莎还没回家，黛西想要她晚上11点前回来。,黛西问丽莎是否回家，丽莎表示还没走。黛西请她在晚上十一点前回来，丽莎答应了。,"Daisy: going home?
 Lisa: not yet
 Daisy: please be back before 11 pm
 Lisa: ok",51.43,18.18,45.71,83.35,2.887876511,3.694844007,3.567794323,2.594473839,1.809524
qwen3.5:9b,44,NO-ERROR,NO-ERROR,The summary accurately reflects the dialogue's key facts and relations.,辛迪很伤心，但不愿意说出原因。艾莉还没看那个疯传的搞笑视频。,艾莉询问辛迪为何难过，但辛迪不愿多谈。随后辛迪分享了一个在网络上疯传的搞笑视频和动图，艾莉表示虽然没看过但觉得很有趣。,"Cindy: <file_gif>
 Ellie: Why are you so sad? Something’s happened?
 Cindy: I don’t want to talk about it…
 Ellie: Cheer up! Tomorrow’s another day 😊
 Cindy: <file_video>
 Cindy: Have you seen it? It’s viral on the internet
 Ellie: Nope, but it’s very funny 😊
 Ellie: <file_gif>",40.74,19.23,29.63,76.09,2.937077284,3.779998302,3.878105164,3.121513844,1.966667
qwen3.5:9b,45,NO-ERROR,NO-ERROR,The summary accurately reflects the dialogue's key facts and relations.,本不会和凯瑟琳一起去看望史蒂夫叔叔。他会去看望凯瑟琳和孩子们。,凯瑟琳邀请本一起去探望许久未见的史蒂夫叔叔，但本因反感此类拜访、担心再次引发不快而拒绝。他提议改日再去陪孩子们玩，并认为与史蒂夫并无共同点且对方常追问隐私令人厌烦。尽管凯瑟琳表示史蒂夫会失望并解释其关心之意，本仍坚持己见；最后在本同意有空时再探望后，对话结束。,"Catherine: We're going to visit uncle Steve, want to come with us?
 Ben: why would I?
 Catherine: He's family and we haven't seen him in a long time.
 Ben: you know very well that I'm not fond of such visits
 Ben: they stress me out
 Catherine: Come on, even you can do it from time to time.
 Ben: maybe I can but I don't want to
 Ben: it will end the same way as usual
 Ben: with me being pissed at everyone
 Catherine: The boys want to see you
 Ben: I can visit you and play with them some other day
 Ben: I don't have to drive to another city to do it
 Catherine: You know that he'll be disappointed?
 Ben: uncle Steve?
 Catherine: Yes.
 Ben: I don't think so, we don't have anything in common
 Ben: all he ever does is bothering me with stupid questions about my private life
 Catherine: Maybe that's his way of showing that he cares about you
 Ben: yes... sure... sometimes I wonder if you're thinking about what you type :P
 Catherine: Depends on the day
 Catherine: Today I'm tired so I can't guarantee it
 Ben: you should rest then
 Ben: instead of asking me to do stuff I don't like
 Catherine: Alright, don't worry, I'll stop
 Catherine: But still the part about the boys missing you was true
 Catherine: So come and visit them when you'll have the chance
 Ben: I will",23.4,8.7,19.15,67.3,3.742569208,3.959816933,4.163742065,3.658258200,4.193548
qwen3.5:9b,46,NO-ERROR,NO-ERROR,The summary accurately reflects the dialogue's key facts and relations.,史蒂夫很高兴他装了一台新的洗碗机。,史蒂夫告诉妈妈洗碗机已安装完毕，效果很好且运行安静。虽然容量为 12 人份但实际使用频率不高，他每两天才用一次。得知母亲为他感到高兴时，他也表达了感谢。,"Steve: hiya the dishwasher has turned up
 Mum: good did they install it for you
 Steve: yes they did a good job
 Steve: <file_photo>
 Mum: looks really nice
 Steve: yes it does its nice and quiet
 Mum: is it a 12 place setting one?
 Steve: I think so, not that I ever have 12 for dinner lol
 Mum: not but you dont have to put it on every day
 Steve: no every other
 Mum: yes I'm glad you are pleased with it xx
 Steve: I am thanks mum xxx",14.55,0,10.91,66.13,3.390341520,4.201793194,4.181355476,3.332590103,4.352941
qwen3.5:9b,47,H-ROLE,H-ROLE,"It says Henry and Julia went to Lilly's, although Julia went with her cousin.",茱莉亚上周去了考文特花园附近的kohaku咖啡馆，但现在这家店关门了，这让她和亨利大吃一惊。她联系了店主，但还没收到回复。亨利和他的表妹最后去了莉莉家，但那里的气氛不一样。,亨利和朱莉娅讨论 Covent Garden 附近的 Kohaku 咖啡馆已永久关闭，推测因租金过高。两人虽遗憾失去这家热门景点区的宝藏店并期待其重开或搬迁至近处，但最后去了 Lily's，认为氛围不同；朱莉娅建议去日本中心品尝类似甜点，亨利则担心那里游客过多、拥挤不堪而不愿前往。,"Henry: Do you know what happened to cafe Kohaku?
 Julia: The one near Covent Garden?
 Henry: Yeah. I wanted to reserve a table, but I can't find them anywhere. Their Facebook page disappeared.
 Julia: I'm afraid they're closed :(
 Henry: For good?!
 Julia: Afraid so. I've been there last week and wanted to take my cousin there, but the place's empty
 Julia: Probably the rent was too high.
 Henry: Oh no, I loved that place
 Julia: Me too. I checked online for the owners and contacted them, but they haven't replied yet. I hope they will reopen somewhere else
 Henry: Unless they do it far away, the location was perfect. It was a real gem in this touristy district
 Julia: I know, I know... We went the Lilly's in the end, my cousin and I, but it's not the same
 Henry: Eh, that's a pity then, I was so looking forward to their brownie
 Henry: How was the Lilly's?
 Julia: It's all right, it's a different vibe though. I think you should go to the Japan Centre for the same
 Henry: Uhm, don't think so. It's always awfully crowded and there are more tourists than normal people like us",32.06,10.85,22.9,69.75,3.308070660,3.839828968,3.941474676,2.930855274,1.569767
qwen3.5:9b,48,NO-ERROR,NO-ERROR,The summary accurately reflects the dialogue's key facts and relations.,卡米拉和汤姆这个周末要去都柏林。,汤姆提议周末去都柏林旅行两天，因天气预报良好且得到卡米拉的喜爱与支持，最终由他购买车票。,"Tom: Have you ever been to Dublin?
 Camilla: Never in Ireland!
 Tom: So let's go there this weekend!
 Camilla: for 2 days?
 Tom: Yes, the weather forecast is great!
 Camilla: I love your crazy ideas!
 Tom: ok, so I'm buying the tickets
 Camilla: <3",31.25,6.67,25,71.56,2.638959408,3.701929569,3.750847340,2.652432919,2.750000
qwen3.5:9b,49,NO-ERROR,NO-ERROR,The summary accurately reflects the dialogue's key facts and relations.,杰森今天约了牙医，所以他没来。,梅根询问杰森的消息，得知他今天缺席是因为牙医预约后表示感谢。,"Megan: Any word from Jason?
 Nathan: Why do you ask?
 Megan: He was absent today :c
 Susy: He had a dental appointment.
 Megan: Thanks for the info :)",41.67,0,25,72.33,3.639425278,4.042833328,4.122817039,2.957656384,2.000000
qwen3.5:9b,50,NO-ERROR,NO-ERROR,The summary accurately reflects the dialogue's key facts and relations.,到目前为止，吉尔做了20或30次，每天3-4次，35或40小时，所以和艾丽一样。,艾莉询问进度，吉尔表示已完成约二十到三十个，每天最多只能做三四个。当被问及耗时时，吉尔回答大约四十小时或三十五小时左右，艾莉回应自己情况相同。,"Ally: how many did you do so far?
 Jill: like 20 or 30
 Jill: I can't do more than 3-4 per day
 Ally: how many hours?
 Jill: 40? maybe 35...
 Ally: ok, same here",32.84,6.15,26.87,68.83,2.506910324,3.613277197,3.561741114,2.186975479,1.775000
qwen3.5:9b,51,H-ROLE|H-EVT,H-ROLE|H-EVT,It assigns concern about losing couple time to Mia and misstates the later plan at James's home.,詹姆斯和米娅明天想去看艺术展。詹姆斯想让阿米莉亚和他们一起去，但米娅不确定阿米莉亚去不去。之后詹姆斯和米娅会去他家。,詹姆斯告知米娅，艾米莉亚推荐去看一位讲授伦理学的哲学教授的艺术展，展览将于明日开幕。尽管米娅起初对与不太熟悉的艾米莉亚同行感到些许压力并担心这会影响两人独处时光，但詹姆斯解释邀请她并非不珍视二人世界，只是希望三人一同前往；他承诺之后会带她们回自己家共度亲密时光。最终米娅表示理解并接受安排，确认一切妥当。,"James: Amelia said that one of our lecturers in philosophy had an art exhibition (!). It opens tomorrow! 
 James: I'm talking about this guy who taught us ethics.
 James: Amelia recommends it :D
 Mia: No way...! :D Professor Evans and art exhibition :D What has happened to this world?
 Mia: But you know what? I would actually like to see it! :D
 James: ME TOO, of course! :p Can Amelia go with us?
 Mia: To the exhibition or to the exhibition and to the cinema? You remember that we have plans for tomorrow...?
 James: both
 James: yes, I do
 Mia: ok
 James: Are you mad at me?
 James: Babe, the fact that I suggested that we might go out with Amelia doesn't mean that I don't value time that we spend together, just the two of us.
 Mia: I know, I said ok.
 James: Are you sure you're fine with this?
 Mia: Yup. :)
 Mia: I just don't know her very well, it's gonna be stressful for me.
 James: :) But you know me, don't you?
 Mia: Maybe I do :D
 James: Really, there's nothing to worry about. Amelia is quite laid-back and likable. ;)
 James: Afterwards we can go to my place and hang out, cuddle and so on... :*
 Mia: Sounds good :) :*
 James: So we're good, right?
 Mia: Right. ;)",23.53,5.13,20.17,70.26,3.717267752,3.852140188,4.002371311,3.249150991,2.620690
qwen3.5:9b,52,NO-ERROR,NO-ERROR,The summary accurately reflects the dialogue's key facts and relations.,彩英和亚瑟通知玛丽安娜，史蒂芬研讨会下一次要用的阅读资料周一在印刷店拿不到。丽塔决定明天去看看，如果情况有变，她会让所有人都知道的。,Mariana 询问 Stephen 研讨会的下次阅读材料是否已在印刷店。Chae-yeong 和 Arthur 确认周一时材料尚未到位且店员态度不佳，Mariana 表示理解。Rita 计划明天上午去查看并告知结果；她无法立即购买现有库存，但会要求多印一些以备后用。大家同意只要 Rita 通知即可，这已是很大的帮助了。,"Mariana: Hi, just a quick question. Do you know if the readings for the next session of Stephen’s seminar are in the print shop?
 Rita: No idea, sorry
 Chae-yeong: The only thing I know is that they were not yet there on Monday
 Arthur: Yer, I’ve made the mistake of going on Monday as well and I can confirm the texts were not there and the staff was as rude as always
 Mariana: Sounds familiar
 Rita: I’ll go tomorrow morning and let you know if the texts are available
 Rita: I can’t buy the copies for you because they never have enough at hand but I’ll just ask them to print more for later
 Chae-yeong: No worries
 Arthur: Yeah, just let us know if they’re ready, that’s a huge favour already
 Rita: Cool. Will do! xx",26.45,5.04,21.49,68.14,2.681848526,3.773388863,3.941240788,2.778469801,2.287879
qwen3.5:9b,53,NO-ERROR,NO-ERROR,The summary accurately reflects the dialogue's key facts and relations.,有人在校园里遭到殴打和抢劫，不得不住院治疗。袭击者戴着面具。官方声明会和新闻报道一起发出。杜鲁门和罗德尼都认为尽管周围有摄像头，但校园安保不达标。,罗伊尼询问是否有人在校内遭殴打和抢劫，特鲁曼关心伤者情况。罗斯想知道嫌疑人身份，得知袭击者戴了面具且受害者已送医但无大碍。众人猜测可能是学生所为，尽管校园有监控，但若戴口罩仍可规避检测；他们提到安保人员态度冷漠，最后希望尽快抓获凶手。,"Rodney: Have you heard a guy got beaten and mugged on campus?
 Truman: Oh, man is he ok?
 Ross: Do they have any idea who did it?
 Rodney: They're gonna give an official statement about. There's also gonna be an article in the paper. As far as I know the assailant had a mask on.
 Truman: And what about the beaten guy?
 Rodney: He's in the hospital, but it seems like he'll be fine.
 Ross: You think it was a student?
 Rodney: Who knows what those jocks are capable of.
 Ross: They could do it just for fun.
 Truman: On the other hand its easy to get on campus without being detected
 Ross: There are cameras.
 Truman: If your masked it don't matter. You know how those security guards are
 Rodney: They don't give a fuck
 Ross: True that
 Truman: Hope they catch the guy soon",31.48,9.43,29.63,71.63,3.511753559,3.809913158,4.029822350,3.410186291,1.602740
qwen3.5:9b,54,H-CIRC,H-CIRC,It invents dollars as the currency for the price of 1000.,哈维尔最初很想在warsaw ink纹身，但价格太高了。他决定去哥伦比亚做纹身。,贾维尔询问是否有提供英语服务的纹身店，朱迪推荐了 Warsaw Ink。虽然她本人未做过，但女友曾在那里纹过并分享了照片，贾维尔称赞效果很棒却对 1000 美元的价格感到震惊，因此决定回哥伦比亚再纹一个。,"Javier: Hey do you know any tattoo parlors over here with English speaking employees?
 Judie: Oh there's Warsaw ink
 Javier: the name sounds neat... have you had a tattoo done there?
 Judie: nope but my gf has
 Javier: got a pic?
 Judie: <file_photo>
 Javier: wow that looks amazing
 Javier: how much did she pay?
 Judie: it was a 1000
 Javier: fuck
 Javier: let me just get a tatttoo back in colombia then, thx",32.1,10.13,22.22,70.9,3.287666798,3.832059383,3.925609589,3.098107338,2.512821
qwen3.5:9b,55,H-ROLE|H-CIRC|H-EVT,H-ROLE|H-EVT,It puts Thomas rather than Zoey in the tropics and changes the walk and incidental suntan into different activities.,托马斯住的地方晚上的温度是零下3摄氏度。早晨有霜。佐伊在热带。托马斯星期天在贝尔钦峰附近散步。,佐伊向朋友们分享了一张在寒冷日子里令人振奋的图片，托马斯则从热带地区回应问候。他提到当地夜间气温降至零下三度，清晨有白霜，并展示了周日在贝尔琴山顶迎着寒风和阳光散步的照片，甚至晒了日光浴。两人互相称赞景色美丽，约定不久后联系，并互道保重。,"Zoey: Hello dear friends, here something to cheer you up on a cold day.
 Zoey: <file_gif>
 Thomas: LOL
 Thomas: Hi there in the tropics! How are you doing?
 Zoey: Staying healthy? Everything's ok?
 Thomas: We are fine, thanks. Everything here is ok. At night the temps fall to -3. Nice white ground frost in the morning.
 Thomas: <file_photo>
 Zoey: Looks so pretty! But we're happy to give these views a miss for a while :)
 Thomas: On Sunday we had a walk around the summit of Belchen - in icy wind but by brilliant sunshine. I think we even got some suntan!
 Thomas: <file_photo>
 Zoey: Gosh! That's pretty! You'll hear from us soon. Take care!
 Thomas: You too!",21.05,4.3,14.74,68.85,3.264594555,4.114310265,4.272425652,2.889417171,2.531915
qwen3.5:9b,56,NO-ERROR,NO-ERROR,The summary accurately reflects the dialogue's key facts and relations.,詹姆斯通知说下一届aseees会议将在旧金山举行。克洛伊希望去夏威夷，詹姆斯认为不会去夏威夷举办会议，因为交通费用太高昂了。,艾米丽询问下一届 ASEEES 会议的地点，詹姆斯表示听说在加州旧金山。克洛伊虽觉得不错但更希望是夏威夷；詹姆斯解释称上次在该地举办的会议因高昂的旅行费用受到批评，因此短期内不太可能再次选址那里。,"Emily: Does anybody now where the next ASEEES conference takes place?
 Chloe: Actually I have no idea, but a good question
 James: I've heard somewhere in California
 James: Yes, San Francisco!
 Chloe: not bad, but I really hoped for Hawaii 
 James: hahaha, oh yes, but it won't happen too soon
 Chloe: why do you think so?
 James: The last conference there in 1993 was criticised for the high costs of traveling to the place
 Chloes: I see, pity",43.9,10,36.59,78.9,3.911567926,3.908041954,4.049584389,3.289405346,1.548387
qwen3.5:9b,57,H-ROLE,H-ROLE,It changes Greg's own 60-minute routine into advice that Rob should exercise for 60 minutes.,罗伯想开始每天做30分钟的体育运动。格雷格已经做了60分钟。安娜想像罗伯一样开始锻炼。,Rob提议每天进行30分钟运动的“离开沙发挑战”，Greg建议至少60分钟，Will鼓励他设定现实目标。Anna加入挑战并寻求大家的支持，Greg还建议大家选择自己喜欢的多样化运动方式如散步、骑行或游泳等。,"Rob: I wanna start Get off the couch challenge! Who's with me? I'm gonna start with 30 min of activity every day.
 Greg: way ahead of you mate! at least 60 min a day!
 Rob: good for you! 30 min a day is gonna be challenging for me!
 Greg: good luck then!
 Will: don't be too hard on yourself. better to be realistic. fingers crossed!
 Anna: i'm in! 30 min sounds reasonable! 
 Greg: look for variety of exercises such as walking, biking, swimming whatever you enjoy!
 Anna: i'm gonna need lots of support from you guys!",21.33,8.22,21.33,66.34,2.708284140,3.691504240,3.758229733,2.693040609,2.395349
qwen3.5:9b,58,NO-ERROR,NO-ERROR,The summary accurately reflects the dialogue's key facts and relations.,沃克和布克计划整晚玩游戏。沃克会把布克想要的xbox游戏机带来。,布克提醒沃克别忘了带 Xbox 主机，尽管沃克曾以为他不喜欢那款手柄手感极佳的主机。两人最终决定通宵玩游戏，沃克同意携带一台前往。,"Booker: dont forget to carry your Xbox console
 Walker: i thought you dont like the console
 Walker: the grip is amazing
 Booker: haha, yeah it is
 Walker: okay then, ill come with one
 Booker: gaming all night is the plan
 Walker: yaas",23.53,4.08,11.76,70.66,2.800718307,3.382534742,3.663438320,2.796251297,1.968750
qwen3.5:9b,59,NO-ERROR,NO-ERROR,The summary accurately reflects the dialogue's key facts and relations.,马里奥正在卢森堡的机场候机。,马里奥今天飞遍了欧洲所有机场，现已抵达卢森堡等待。尽管飞行条件良好让他得以遍访各地，但他因过度劳累而疲惫不堪；朋友们叮嘱他注意安全并祝旅途愉快。,"Mario: I’ve landed in every airport in Europe today - completely whacked out dude.
 Klara: Where are you now?
 Mario: Waiting in Luxembourg now.
 Eddie: Have fun dude.
 Moe: Only because you love flying so much 😉
 Mario: weather was good for flying everywhere 🙂 Otherwise it would have been trains everywhere 🙂
 Moe: Mario be safe bro
 Mario: You too bro 🙂",13.64,0,9.09,66.09,2.878418207,4.120632648,4.056987286,3.429897785,5.142857
qwen3.5:9b,60,NO-ERROR,NO-ERROR,The summary accurately reflects the dialogue's key facts and relations.,约翰不确定今天是否有训练，但马特说有。,约翰询问今天是否有训练，马特确认大概有。约翰表示感谢并约定届时见，两人互相道别。,"John: do we have practice today?
 Matt: yea think so
 John: great thanks see ya there
 Matt: see ya",47.06,25,47.06,77.02,2.835594177,4.221156120,4.092898369,3.019929171,2.105263
qwen3.5:9b,61,NO-ERROR,NO-ERROR,The summary accurately reflects the dialogue's key facts and relations.,马丁完成计划后将给亚历克斯买两瓶牛奶。,亚历克斯请求马丁买牛奶，马丁表示昨天刚买了两瓶。亚历克斯承认自己只是最近特别想喝，并感谢马丁的爱让他很快就能拿到新买的牛奶，因为马丁需要先完成项目。亚历克斯称赞马丁是她的英雄。,"Alex: Hon, could you buy some milk?
 Martin: You kiddin me, I just bought two yesterday
 Alex: Well, I have nothing for my defense, I'm just craving milk lately:D
 Martin: You're lucky that I love you, two milks coming up in couple of hours, I gotta finish the project
 Alex: You are my hero!",19.67,0,13.11,70.31,3.623646736,3.919335365,4.047799110,3.214947224,4.631579
qwen3.5:9b,62,NO-ERROR,NO-ERROR,The summary accurately reflects the dialogue's key facts and relations.,布莱尔和恰克下班后要去诺娜·丽塔餐厅见婚礼策划人。诺娜·丽塔餐厅供应的意大利面条非常好。,布莱尔和查克计划下班后去 Nonna Rita's 见婚礼策划师，查克想点海鲜宽面而非仅喝咖啡；两人还调侃上次与黛安见面时因番茄意面弄脏了对方白衬衫的尴尬经历。,"Blair: Remember we are seeing the wedding planner after work
 Chuck: Sure, where are we meeting her?
 Blair: At Nonna Rita's
 Chuck: Can I order their seafood tagliatelle or are we just having coffee with her? I've been dreaming about it since we went there last month
 Blair: Haha sure why not
 Chuck: Well we both remmber the spaghetti pomodoro disaster from our last meeting with Diane
 Blair: Omg hahaha it was all over her white blouse
 Chuck: :D
 Blair: :P",29.85,6.15,29.85,68.3,3.622388601,3.787437916,3.949661970,3.216501474,1.750000
qwen3.5:9b,63,H-EVT,H-EVT,"It says Cole called his roommate funny, although Cole said that texting in the same room was funny.",科尔和路易斯坐在同一个房间里，却在发短信。,科尔和路易斯在同一个房间里，科尔开玩笑说室友很搞笑并索要枕头。路易斯拒绝回应，表示不愿给近在咫尺的“白痴”发短信，两人因此展开了一段幽默的互怼。,"Cole: hey roomie XD XD
 Luis: dude we are in the SAME DAMN ROOM
 Cole: its funny XD
 Luis: -_-
 Cole: pass me my pillow xD
 Luis: not until you say it to my face
 Cole: dude cmon 
 Luis: ...
 Cole: oh youre not gonna talk to your roommate now
 Luis: im not gonna text an idiot whos practically sitting just a few inches from me -_-
 Cole: xD",34.62,20,30.77,73.9,3.659833908,4.064356327,4.120753288,3.388838768,3.428571
qwen3.5:9b,64,H-ENT|H-MOD,H-ENT|H-MOD,It changes Huddersfield to Hull City and turns Damian's hope for a turning point into a definite claim.,切尔西今天下午赢了哈德斯菲尔德的一场比赛。伊瓜因两度得分。达米安很高兴，他希望这将是切尔西的转折点。,戴米安询问大家是否观看了切尔西的比赛，雅各布和梅森表示没看。戴米安兴奋地提到伊瓜因梅开二度，认为这是球队的一个积极转折点，尽管对手赫尔城表现糟糕。然而，雅各布对此持怀疑态度，而梅森则半开玩笑地祝他好运。,"Damian: guys did u watch Chelsea game
 Jacob: no
 Mason: nah, i was busy all afternoon
 Damian: Higuain scored twice! so happy for him
 Damian: I know it was just Huddersfield, but finally something positive happened
 Jacob: having a striker makes a difference
 Damian: yup
 Mason: but cmon huddersfield is abysmal
 Damian: don't be like that, im happy for the team, maybe this will be a turning point
 Jacob: no, I don't think so
 Mason: ha good luck with that",29.27,7.5,21.95,69.38,2.776383162,3.903155804,3.667336226,2.501025438,2.020000
qwen3.5:9b,65,H-CIRC,H-CIRC,It invents yuan as the currency for the price of 39.,玛伦半小时后就要去镇上了。她将给丽塔买一件礼物——凯泽的带黄色花纹的丝巾。它的售价为39，巴利和玛伦一人出一半钱。,马琳半小时后去城里，询问巴里是否有给丽塔的礼物建议。巴里没有主意，让马琳决定。马琳在凯撒百货看到漂亮的丝绸方巾并发送照片，巴里选中黄色图案的款式（因丽塔喜爱黄色），价格 39 元。两人同意各付一半购买。,"Marleen: Hello my dear, I'll be leaving in half an hour to go to town. If you have any idea for a present for Rita let me know.
 Marleen: Text me here with your ideas for a present for her.
 Barry: But I've got none! I leave the choice entirely to you.
 Barry: I'm at home now.
 Marleen: Am at Kaiser's. Lovely silk kerchiefs. What do you think?
 Barry: One can't have too many!
 Marleen: But isn't it a bit too personal?
 Barry: Not at all.
 Marleen: <file_photo>
 Marleen: Which?
 Barry: The one with yellow pattern, definitely. She loves yellow.
 Marleen: The most expensive of the five.
 Barry: How much?
 Marleen: 39
 Barry: Oh come on. Not so bad.
 Marleen: Shall we go 50/50?
 Barry: OK",32.26,4.4,30.11,70.44,3.740603924,4.005518913,4.023831367,3.015889883,1.736842
qwen3.5:9b,66,NO-ERROR,NO-ERROR,The summary accurately reflects the dialogue's key facts and relations.,布鲁克要盖尔过来看看昨天发生了什么。,布鲁克告知盖尔昨天发生了事，让他赶紧回家看看。盖尔询问是否严重后表示正在赶回去的路上。,"Brook: something happened yesterday, you need to come and see
 Gyle: is it bad?
 Brook: you better come home
 Gyle: On my way",36.36,12.9,30.3,74.22,3.318536282,3.841539145,3.966817856,3.061675310,2.388889
qwen3.5:9b,67,NO-ERROR,NO-ERROR,The summary accurately reflects the dialogue's key facts and relations.,凯特、米丽娜和里贾娜的演讲进行得很顺利，三个人来听他们的演讲。,米莱娜询问凯特和瑞吉娜的演示效果，两人反馈良好且收到积极评价。尽管只有三位听众在场，但小规模的互动氛围更亲切友好；米莱娜认为专注的小众观众胜过无聊的大众，凯特表示赞同。,"Milena: How was the presentation?
 Kate: very good
 Regina: yes, we had a good feedback
 Milena: how many people came to listen to you?
 Regina: 3 but we new it will be very cosy, friendly thing
 Milena: sometimes a small but interested audience is better than random bored people
 Kate: exactly",18.18,0,15.15,66.15,3.031598568,3.927654743,3.986915112,2.825726032,2.709677
qwen3.5:9b,68,NO-ERROR,NO-ERROR,The summary accurately reflects the dialogue's key facts and relations.,杰克今年拿到了第一个totw ，汤姆的团队并不出色。,杰克今年首次抽到 TOTW 球员，打算试用一两次后出售，因为该球员不适合他的阵容；汤姆祝贺他并调侃自己今年运气不佳未抽中好卡。两人随后开玩笑说汤姆游戏技术很好不需要帮助，而汤姆则幽默地表示自己喜欢闪闪发光的卡片。,"Jake: dude, I just pulled a TOTW
 Jake: my first this year!
 Tom: grats!
 Tom: gonna sell it?
 Jake: yeah
 Jake: I'll try him in one or two matches
 Jake: he's not a good fit for my squads
 Tom: you'll have plenty of coins to buy someone that fits
 Jake: that's the plan
 Jake: I got lucky with this one
 Tom: my pull luck sucks this year
 Tom: not a single great player 
 Jake: you're good at the game
 Jake: you don't need help :P
 Tom: I like shiny things :P",21.05,8.11,18.42,66.12,3.605155945,3.920090675,4.027710438,2.964009762,4.160000
qwen3.5:9b,69,H-ENT|H-EVT,H-ENT|H-EVT,It changes a Thomas-themed birthday card into a toy and similarly changes the requested football-themed card.,凯斯送给外孙乔丹20英镑和一张生日卡，作为他11岁生日的礼物。,卡丝询问乔丹是否及时收到了生日卡片和钱，并送了他喜欢的托马斯小火车。乔丹感谢了 20 英镑的礼物，表示依然喜爱托马斯但已十一岁想换足球玩具，两人互道爱意。,"Cass: Hi darling, did you get your birthday card and money on time?
 Jordan: hello Nanna! Thanks for the £20. Sorry I didn't ring you before.
 Cass: you still like Thomas the Tank engine don't you? I picked it specially.
 Jordan: Yes, Nanna. I will always love him! Next time, get me a football one or something. I mean, I'm 11 now!
 Cass: I know, you are so grown up. Love you xxxxx
 Jordan: Love you, Nan xx",28.57,3.28,19.05,70.04,3.904891491,3.919979334,4.117661476,3.148626328,2.419355
qwen3.5:9b,70,NO-ERROR,NO-ERROR,The summary accurately reflects the dialogue's key facts and relations.,对杰西卡来说，最恐怖的地方是巴勒莫的僧帽猴地下墓穴。,凯莉想先提问，她问大家去过最可怕的地方是哪里。杰西卡回答说是意大利的巴勒莫，因为那里有藏有 8000 具尸体的加普钦纳墓穴，尸体像博物馆展品一样展出，大多穿着衣服，只露出头骨和手。奥利对能看骨头很感兴趣，但杰西卡表示大部分是覆盖着的。米奇觉得这个经历太珍贵了，要记下来，奥利也同意。,"Kelly: Oh! Oh! Can I pick the first question?
 Jessica: Sure. Go for it!
 Kelly: What's the scariest place you've been to!
 Jessica: I'll start: Palermo in Italy.
 Mickey: And what's so scary about that? Did you break your nail? :P
 Jessica: Shut it, Mickey! No, there are the Capuchin Catacombs with 8000 corpses! 
 Kelly: Ewwww! Corpses? Rly?
 Jessica: Yeah! And you can look at them like museum exhibits. I think they're divided somehow, but have no clue how!
 Ollie: That's so cool! Do you get to see the bones or are they covered up?
 Jessica: Well, partly. Most of them were exhibited in their clothes. Basically only skulls and hands. 
 Mickey: I'm writing this one down! That's so precious!
 Ollie: Me too!",18.56,4.21,16.49,65.7,2.956057549,3.510267258,3.398266315,2.640393496,5.346154
qwen3.5:9b,71,H-DISC,H-DISC,It changes the cause of possible national division from internal conflict to external pressure.,西蒙和查理钦佩波兰的反移民政策和捍卫自身价值观和利益的方式。,西蒙和查理讨论欧盟移民政策带来的安全隐患，指出柏林、比利时和巴黎已出现安全措施升级与社会动荡，而波兰因经济滞后反而暂时避免了这些问题。两人认为波兰若能坚持自身价值观并快速发展，将有机会纠正西方国家的错误；但同时也担忧外部压力可能导致国家分裂或边缘化。尽管存在风险，他们仍赞赏波兰人的坚韧精神，并希望未来只有波兰能解决欧洲内部问题，最终祝愿在波兰过圣诞节是欧洲最好的选择。,"Simon: <file_photo>
 Simon: It's funny and scary at the same time.
 Simon: BTW it's so annoying that people can't see that such immigration policy reduces safety level for citizens of EU significantly
 Charlie: This photo is great. It totally shows what do we all mean when we criticize EU policy. 
 Charlie: Berlin has put concrete blocks around Christmas fair, Belgium has soldiers running armed around cities and Paris has mass demonstrations and car arsons happening all over the city.
 Charlie: Poland though...
 Charlie: One of the last countries unspoilt by uncontrolled migration and terrorism
 Charlie: The question is - for how long...
 Simon: I always say that there is advantage of the polish situation
 Simon: I mean being economically delayed for few decades
 Simon: Poland has a chance to develop in fast pace and at the same time has a position to avoid all the mistakes other western powers made.
 Simon: The worst thing is that the country is being ostracized by defending it's values and interests. 
 Charlie: Yup. And as long as there are people in Poland ready to defend that values, the country will be marginalized by every other nation.
 Simon: I admire Poles.
 Simon: I admire them for they will to fight.
 Simon: They never give up.
 Charlie: Different countries tried to eliminate them from the map.
 Simon: I tell you, there will be time, when only Poland will have power to fight with internal problems of Europe.
 Charlie: Maybe. But there is a risk that internal conflict will rip the country apart.
 Simon: Let's hope not.
 Charlie: Yup. To conclude: Christmas in Poland will be the best Christmas in Europe :D
 Simon: I agree :)",18.18,6.72,14.88,67,2.787882805,3.493763685,3.777546883,2.945501566,6.166667
qwen3.5:9b,72,H-DISC,H-DISC,It treats the group's satire as sincere moral claims by Ed and Jessica.,艾德、瓦莱丽、里斯、罗、艾妮、杰西卡、马特都在嘲笑没有婚姻的性爱的罪恶。,这段对话中，Ed 认为性行为只应限于已婚夫妇且仅限传教士体位；Valerie 补充说若非此姿势更是双重罪过。Chris 调侃他们结婚后自便，Lor 警告若死后意识会因这些“非罪恶生活”而痛苦不堪。Atnee 劝 Ed 放松些，Jessica 则强调性唯一目的是生育而非享受。Ed 指责 Valerie 若从中取乐便是三重罪过，Matt 笑着回应称会在地狱见他们，Ed 最后表示自己连看其他男人的方向都不看一眼。,"Ed: Sinners!! Sex is for married people
 Valerie: double sin if it’s anything but missionary style!
 Chris: Then you go get married & leave us all alone
 Lor: You better hope all non sin living is worth it or your consciousness after death is going to be butt hurt for eternity lol
 Atnee: Ed, take it easy
 Jessica: And the only purpose for sex is to make babies! !! That's it, hahaha 😂
 Atnee: Lol
 Ed: Valerie , triple sin if you enjoy it!
 Jessica: And only for procreation. :-))) And not to be enjoyed. :-)))
 Matt: Ed, Ok. See you in hell !! 😂
 Ed: Matt , No you won’t. I don’t even look on the direction of another man",14.71,0,11.76,57.49,2.450995684,3.675712585,3.923384428,2.570336342,5.333333
qwen3.5:9b,73,NO-ERROR,NO-ERROR,The summary accurately reflects the dialogue's key facts and relations.,迈克在伦敦。,杰克惊讶地发现迈克在伦敦，迈克兴奋地表示梦想成真并分享了照片，杰克随即祝贺他。,"Jake: Maaaan! you in london?!
 Mike: <file_photo>
 Mike: yeah mate! dreams coming true!
 Jake: cool! congrats!",24,17.39,24,69.71,2.300426245,4.509902954,4.434542656,3.558225155,6.500000
qwen3.5:9b,74,NO-ERROR,NO-ERROR,The summary accurately reflects the dialogue's key facts and relations.,里奇和克莱看了一场非常精彩的足球比赛，一个足球运动员把球铲回自己的脚边，特别刺激。何塞信任那个球员。,里奇和克莱讨论博格巴的精彩进球，称赞其技术动作成熟且值得信任。两人认为他本赛季表现更沉稳，教练约瑟对他充满信心，并在前 60 分钟的表现后理应获得这个奖励。,"Richie: Pogba
 Clay: Pogboom
 Richie: what a s strike yoh!
 Clay: was off the seat the moment he chopped the ball back to his right foot
 Richie: me too dude
 Clay: hope his form lasts
 Richie: This season he's more mature
 Clay: Yeah, Jose has his trust in him
 Richie: everyone does
 Clay: yeah, he really deserved to score after his first 60 minutes
 Richie: reward
 Clay: yeah man
 Richie: cool then 
 Clay: cool",26.32,5.41,18.42,63.77,3.541147709,3.869381428,3.986766815,2.846415520,1.520000
qwen3.5:9b,75,H-ENT|H-ROLE,H-ENT,"It mixes up Alec and Alexa, confusing who shared the link and who reacted to it.",亚历克看到美国的达人秀，他发了个链接给亚莉克莎。,亚历克斯和艾力克讨论了美国达人秀最新一季，艾力克分享了一个表演视频链接。两人一致认为那位年轻女孩才华横溢、表现惊人，甚至可能赢得本季的冠军。尽管艾力克表示还有其他不错的选手，但他个人最看好这位女孩获胜，而亚历克斯也对此感到高兴并期待她夺冠。,"Alec: Have you seen the last America's got talent?
 Alexa: No. 
 Alexa: Interesting? 
 Alec: <file_other>
 Alexa: The link doesn't work. 
 Alec: Give me a sec.
 Alec: <file _other>
 Alexa: Now it's working!
 Alec: good, watch it, u'll like it
 Alexa: you're right, I like it :)
 Alexa: The girl is amazing!
 Alec: :)
 Alexa: I wish I have had half her skills when I was her age! 
 Alec: She's very good, that's true. 
 Alec: I even thik she might win the edition.
 Alexa: Did you see all candidates?
 Alec: yes
 Alec: And there're a few good, but I personally think she's the best!
 Alexa: I'd be glad if she wins :)",12.66,0,10.13,66.77,3.497006655,4.016987801,4.066547394,3.201203346,5.000000
qwen3.5:9b,76,NO-ERROR,NO-ERROR,The summary accurately reflects the dialogue's key facts and relations.,詹姆斯要去上班，所以他不看比赛。,汉娜问詹姆斯是否在观看比赛，詹姆斯表示要去上班了，汉娜便回应知道了。,"Hannah: Are you watching the game?
 James: No I am head to work : ( 
 Hannah: Oh okay",40,14.29,33.33,75.91,1.870571971,3.418915987,3.153165340,2.014189720,2.125000
qwen3.5:9b,77,NO-ERROR,NO-ERROR,The summary accurately reflects the dialogue's key facts and relations.,在多尔夫的提醒下，齐格勒明天会把护照带来。,多尔夫提醒齐格勒明天记得带护照，齐格勒表示没问题。,"Dolph: hey
 Dolph: remember to bring your passport tomorrow
 Ziggler: Cool, i will",53.85,25,46.15,78.39,2.362171650,3.939848900,3.645212650,2.384274960,1.190476
qwen3.5:9b,78,NO-ERROR,NO-ERROR,The summary accurately reflects the dialogue's key facts and relations.,威廉在做意大利面，奥莉维亚会给威廉买新鲜的西红柿，贝丝会买巧克力。,威廉正在做意大利面，请奥利维亚买些新鲜番茄并让贝丝带巧克力作为餐后甜点。两人欣然答应。,"William: hey im making spaghetti
 William: could you please buy some fresh tomatoes
 William: pretty please :)
 Olivia: no problem dear :)
 William: and Beth? it wouldn't hurt to have some chocolate for after the dinner :D
 Beth: I'm on it :D",41.86,14.63,37.21,77.49,3.805195332,4.183563232,4.231933594,3.086652517,1.303030
qwen3.5:9b,79,H-ROLE,H-ROLE,It turns Demi's one-way offer to house Tina into a mutual promise.,蒂娜必须学习黛米的方法，即如何从讨厌男人转变成和他们约会。,蒂娜和黛米在聊天中调侃 Facebook 不断推荐帕特里克，蒂娜表示想学习如何从讨厌男性转变为喜欢他们。黛米分享了自己曾经历心碎后努力调整心态的经历，并建议蒂娜多接触不同类型的异性以减轻情绪依赖。两人还讨论了租房问题，承诺若对方无家可归会提供住所，最后约定见面解决这些困扰。,"Tina: Hey, Facebook is constantly non stop suggesting Patrick
 Demi: Hahahahaha 
 Tina: I think I have to catch a bit of your approach
 Demi: He's a god. What do you mean...?
 Tina: I have to learn how to transfer from hating men to fucking them haha
 Demi: (Y)
 Tina: as soon as possible
 Demi: Haha! Yeah. I did it, you're right. But i worked on it hard after a huge heartbreak
 Tina: <file_gif>
 Demi: (Y) currently i like men. you have to be chilled with them ;)
 Tina: <file_gif>
 Demi: :D maybe its a mistake... i dont know. Lets organize workshops on that :D
 Tina: I only like one type :D yes plz do it haha
 Demi: Done! but maybe you should chill a bit, look around for ather types ...and see what happens
 Tina: I only dont what my mood depend so much on other people
 Demi: I know! I know it well!
 Tina: this renting case is eating me
 Demi: you have to isolate one bit inside that will be always independent
 Tina: we have to meet, crazy girl!
 Demi: for sure. if youre homeless i will take under my roof
 Tina: between the guyshaha
 Demi: we ll find something
 Tina: <3",21.74,4.44,15.22,68.24,3.193098783,4.073818207,4.142238617,3.575779676,4.655172
qwen3.5:9b,80,NO-ERROR,,The summary accurately reflects the dialogue's key facts and relations.,埃文会让伊森来的。,艾莉森问伊万是否跟埃坦谈过关于活动的事，伊万确认了并告知埃坦可能不会来。艾莉森请求他帮忙解决，伊万答应会尽力让埃坦出席，艾莉森表示知道了。,"Allison: You talked to Ethan about the function? 
 Evan: Yeah I did
 Allison: What did he say?
 Evan: He might not come
 Allison: Can you do something about that?
 Evan: I will try to make him come
 Allison: K",13.33,0,8.89,65.23,2.397451401,3.377708912,3.703966618,2.740714788,7.666667
qwen3.5:9b,81,H-ROLE,,It changes Adrian's description of his own study habits into advice that Bart need not study much.,巴特这学期成绩不好，因为他学习不多。他花很多时间玩星际争霸。阿德里安考得好是因为上课专心听讲。,巴特因经济学期末考成绩糟糕而沮丧，承认自己复习不足且沉迷《星际争霸》导致分心。阿德里安建议他明年重读该课程并指出只要上课专心即可不必过度学习。两人约定巴特今后不再在学校玩游戏，但要避免失去专注力，随后将观察后续情况。,"Adrian: Did you get your grades yet?
 Bart: Yeah. My whole semester is screwed up now.
 Adrian: Wait whaaat? Why?
 Bart: Well, I bombed my economy final and ended up with a bad score..
 Adrian: Ouch. That must hurt :/ 
 Bart: Well, it's my fault because I didn't study as much as I should have.
 Adrian: Why don't you re-take the class next year?
 Bart: That's what I plan on doing unless I keep screwing up. How did you do this semester?
 Adrian: I didn't do that bad. I ended up with a reasonable grade.
 Bart: Well someone did his homework :p
 Adrian: I just pay attention during class, I don't study that much actually.
 Bart: Classes are boring, can't pay attention for too long...
 Adrian: Anyway, why didn't you study for the economy final? 
 Bart: Let's just say I screwed up more than my econ class.
 Adrian: What happened?
 Bart: I started playing StarCraft and ended up wasting a lot of time.
 Adrian: Oooohh I know that game but you better stop slacking off.
 Bart: You're right. I'm not going to play games during school anymore.
 Adrian: You can play them, just don't loose focus and study for the exams :p
 Bart: Let's see how it goes xD",24.1,7.41,19.28,68.47,3.358682871,3.769911766,3.885560513,3.057251930,2.297872
qwen3.5:9b,82,H-ROLE,,It reverses who made the wasp comment and who suggested that Sean was haunted.,肖恩相信他的灵兽是乌龟，而蒂芙尼可能是黄蜂。,肖恩经过深思熟虑，决定自己的精神动物是乌龟。蒂芙尼认为这解释了很多事并调侃他是黄蜂，而肖恩则开玩笑说蒂芙尼可能是被鬼魂附身了才把乌龟看成了其他东西。,"Sean: After much thought I’ve decided that my spirit animal is a tortoise. Apparently everyone has one now, I only found out about this recently. Tbh I felt lost, like who even am I? After many days of thinking about I finally decided that I am in fact a tortoise.
 Tiffany: That would explain a lot.
 Sean: You would be a wasp.
 Tiffany: Are you sure you're a turtle? Maybe you're just haunted.",32.14,14.81,25,73.57,3.324959040,3.834676266,4.038034439,3.451097250,3.363636
qwen3.5:9b,83,NO-ERROR,,The summary accurately reflects the dialogue's key facts and relations.,凯特正在给她和乔治买苹果。他们得等到下周才能买到橘子。,凯特在杂货店，问乔治明天上学要不要买水果。乔治想要苹果，凯特也给自己拿一个。乔治询问是否有橘子，凯特说下周才有，已经问过店员了。两人决定等待。,"Kate: I'm at the grocery store. Do you like some fruits for school tomorrow?
 George: Oh yes please, an apple would be great
 Kate: Okay, I'm getting me one too
 George: Do they have tangerines yet?
 Kate: No the're coming next week, I asked already:D
 George: Okat then we have to wait",26.23,3.39,19.67,71.8,3.539638996,4.014534950,4.029096603,3.236075401,2.629630
qwen3.5:9b,84,NO-ERROR,,The summary accurately reflects the dialogue's key facts and relations.,茱莉亚回来后会给罗纳德打电话，他有事要告诉她。,罗纳德询问朱莉娅周末过得如何，她因父母为吃饭地点争吵而心情不佳，甚至不想再与他们一起用餐。得知后罗纳德表示抱歉并让她回家后联系自己，还透露了一件令人惊喜的消息；朱莉娅开玩笑说已看到彩虹和史高比乐糖果广告中的长颈鹿，罗纳德确认事情类似那样。,"Ronald: How's your weekend?
 Julia: Fine I guess...
 Ronald: Doesn't sound like you're enjoying it
 Julia: Ehh. My parents are having a fight over where should we eat
 Julia: And honestly I don't event want to eat with them anymore
 Ronald: I'm sorry
 Julia: Yup. Me too.
 Ronald: Call me when you get back.
 Ronald: I've got something to tell you, and I'm sure you're gonna piss rainbows
 Julia: Hahaha. I can see the giraffe from Skittles comercial :D
 Ronald: Sth like that",7.32,0,7.32,62.05,3.863972902,3.883141994,4.167996407,3.689341784,5.173913
qwen3.5:9b,85,OMIT,,It omits Matthew's final action of going to bed immediately.,马修感冒了，他要喝些橙汁，然后去睡觉。,马修感冒了，感到疼痛并寻求支持。丽莎建议他喝橙汁、做汤休息，并表示相信他能战胜病魔。随后发现症状可能是过敏与病毒混合所致，两人互相安慰后道晚安。,"Matthew: I have a cold. Need y'all support. It's painful
 Lisa: Fight it. Drink orange juice. Make some soup
 Matthew: I'll try
 Lisa: I believe in u 
 Matthew: Thank u. Apparently it's an allergy mixed up with virus
 Lisa: Ahh it sucks. 
 Lisa: Take a rest from evrthg.  
 Matthew: Ikr. Hitting the hay now
 Lisa: Good night 'Thew!",25,14.81,25,70.21,4.146605492,4.334434509,4.488745689,3.538570642,3.789474
qwen3.5:9b,86,NO-ERROR,,The summary accurately reflects the dialogue's key facts and relations.,乔茜觉得艾柯的小说《福柯的钟摆》书呆子气。乔茜很想读意大利的艾柯，但她对自己的语言能力没有把握。斯特凡诺认为艾柯的两部小说很难。乔茜读过萨勒曼拉什迪对《福柯的钟摆》的一个负面评论。,"斯蒂法诺与乔西讨论《傅科摆》，乔西认为其风格怪异且过于学术，担心自己的意大利语水平不足以阅读原著。斯蒂法诺指出该书语言比《玫瑰的名字》更易理解但内容同样复杂。乔西提到萨尔曼·拉什迪曾批评该作并非小说而是“电脑游戏”，两人对此展开幽默调侃；对话中因拼写错误引发""de gustibus non est disputandum（口味无可争辩）”的玩笑，最终在笑声与互相打趣中结束。","Stefano: Hi, Josie!
 Josie: Ciao, Stefano!
 Stefano: So, what about Foucault's Pendulum? Do you like it?
 Josie: It's... weird. Was it really written by an Italian guy? It's so... nerdy.
 Stefano: Oh well, in a sense Eco was the king of nerds. And, you know, not all Italian books are about pizza, mafia and mandolino. :P
 Josie: Yes, I know... I should try and read one of his novels in the original, but I'm not sure my level of Italian is adequate.
 Stefano: The Name of the Rose is really difficult for a foreign speaker of Italian, you know.
 Josie: And what about Foucault's Pendulum?
 Stefano: Well, it's set in the 1980s, so the language is definitely more comprehensible. The content, however, is just as complicated as in the other novel.
 Josie: Btw, I read Salman Rushdie's review of Pendulum, published in the 80s.
 Stefano: Really? What did he say?
 Josie: He hated it and said that it's not a novel, but rather a computer game.
 Stefano: What? Rotfl!
 Josie: That's what Salman said...
 Stefano: Oh well, de gustipus non est disputandum...
 Josie: De gustiBus!
 Stefano: I know, it was a typo!
 Josie: Disgusting pus!
 Stefano: Hahaha.
 Josie: Yuk! That's so creepy.
 Stefano: You're the one who said it!
 Josie: I know. ;)",23.13,2.76,17.69,67.07,3.068815947,3.602522850,3.836472988,2.923037767,2.044444
qwen3.5:9b,87,NO-ERROR,,The summary accurately reflects the dialogue's key facts and relations.,下雨了，所以瓦尔和坎迪要等半小时才走。,下雨了，两人决定等半小时看看雨是否停后再出发。,"Val: it's raining!
 Candy: I know, just started...
 Val: r we going? we will be wet
 Candy: maybe wait a little? see if stops
 Val: ok. let's wait half h and than see
 Candy: god idea, I call u then
 Val: great :)",41.67,27.27,41.67,75.99,2.530389309,3.600455999,3.596315145,2.221135139,1.210526
qwen3.5:9b,88,H-MOD,,"It groups Sierra with Jeremy as unconfirmed, although Sierra explicitly confirmed she had not received the grant.",托马斯、谢拉和杰里米仍然没有收到赠款。托马斯破产了，每小时都要查看他的银行账户。塞拉提出借钱给他。,托马斯询问是否有人收到拨款，西耶拉和杰里米表示尚未确认。因账户余额为零且每小时查询却无变化，托马斯感到十分焦急；西耶拉安慰他要有耐心并主动提出可以借钱给他，托马斯表示感谢并希望款项随时到账。,"Tomas: Has anybody received the grant yet?
 Sierra: no, not yet
 Jeremy: I haven't checked even
 Tomas: I'm completely broke
 Tomas: checking my bank account every hour
 Tomas: but nothing's happening there
 Sierra: lol
 Sierra: be patient. If you need money I can lend you some, don't worry
 Tomas: Thanks, I hope they'll arrive any minute",43.9,12.5,29.27,73.72,3.295927048,4.045793056,4.061386108,3.257743120,1.938776
qwen3.5:9b,89,OMIT,,"It omits Camilla's Saturday errands and show, a central part of her weekend plan.",卡米拉周六有一些差事要办。查尔斯本周末将访问德国市场。他们正在谈论圣诞食品和饮料。,查尔斯计划周末前往伯明翰和曼彻斯特逛德国市场，主要品尝香肠、啤酒以及热红酒。卡米拉对此很感兴趣并打算今年去一次，两人还聊到了去年查尔斯自制的热红酒无人问津的趣事，最后互祝对方玩得开心。,"Charles: What are you up to this weekend?
 Camilla: Not much. Just some work and errands on Saturday, show Saturday night. Day of nothingness on Sundy.
 Charles: Sounds good. We are going to visit the German markets this weekend. Birmingham and Manchester both. Sausage overload!
 Camilla: Ooh, that sounds really good!
 Charles: Allegedly there are Christmas things going on but I just go for the sausage and beer!
 Camilla: What a shocker.
 Charles: I know!
 Camilla: I'll have to try to get there this year. I've not been for ages.
 Charles: Oh, yeah, they are good. Try the mulled wine too. That's nice.
 Camilla: Never had it. Is it served hot?
 Charles: Yes, exactly. And lots of spices. Usually a red but sometimes they offer a mulled white.
 Camilla: I'm good with red.
 Charles: Inspired us to make our own at Christmas last year, but nobody else drank it.
 Camilla: Bummer!
 Charles: More for me! But oh the hangover.
 Camilla: LOL!
 Charles: Anyway, that's the plan. Hope you have fun.
 Camilla: You too! 
 Charles: Thanks!",22.54,5.8,14.08,67.56,3.370008469,3.842516184,3.940992832,3.098816872,2.243902
qwen3.5:9b,90,NO-ERROR,,The summary accurately reflects the dialogue's key facts and relations.,戴安娜和拉塞尔在给妈妈买礼物。,拉塞尔发现一个送给妈妈的完美礼物，价格也不贵。戴安娜表示赞同并询问是否购买，两人决定买下它。,"Russel: <file_other>
 Russel: look at this
 Russel: It's a perfect present fo mum :D
 Diana: haha, so true! It's not that expensive either!
 Diana: are we buying it?
 Russel: yeah, let's do it :D",24.24,0,18.18,71,2.425306320,3.798292398,3.675078392,2.525118351,3.066667
qwen3.5:9b,91,NO-ERROR,,The summary accurately reflects the dialogue's key facts and relations.,安斯利病了，所以她现在不能帮简写论文。,简询问艾恩利是否空闲帮忙修改论文，但艾恩利因感冒打喷嚏而表示无法协助并致歉，简随即表达了希望她早日康复的祝愿。,"Jane: Are u free now? Could u help me with that thesis?
 Ainsley: I'm sick won't be of much help sorry. I've got a cold and I'm sneezing like a little bitch every 2 seconds
 Jane: Oh... hmm ok. Hope u will get better soon...",20,0,10,66.45,2.554682493,4.125134468,4.082061768,3.343894720,2.894737
qwen3.5:9b,92,NO-ERROR,,The summary accurately reflects the dialogue's key facts and relations.,菲奥娜爱上了他的学生康拉德。,菲奥娜因与年轻学生康拉德独处而心烦意乱，尽管她明知这段关系不合适且担心老板发现，但仍深陷其中无法自拔；万达劝她勇敢面对感情去追求对方。,"Fiona: I just can’t stand it
 Wanda: What again
 Fiona: When I’m in one room with him… I just go crazy
 Wanda: Conrad?
 Fiona: Yesss, he’s absolutely lovely!!
 Wanda: IT IS YOUR STUDENT
 Fiona: So what? I mean sure, I know it’s… inappropriate xd but still, he’s only 5 years younger than me
 Wanda: It’s so fucked up, I knew you are crazy before but it’s too much
 Fiona: I knoooow when I come back home after the class I can’t do anything for like an hour or two, I just listen to the music
 Wanda: You’re literally in love with him
 Fiona: I mean I don’t expect anything, we’re from different worlds but… Yes, I just want to be around him. All the time xd
 Wanda: So you need to do something about it
 Fiona: Are you crazy, I can’t!!
 Wanda: Why not
 Fiona: What would my boss say if she knew
 Wanda: Will she know?
 Fiona: How can I know what will he do, he can tell his mother as well
 Wanda: Just go for it!!",13.04,4.55,13.04,66.09,2.534325123,3.661670685,3.799661875,2.833477974,4.785714
qwen3.5:9b,93,H-CIRC,,It assigns a morning time to the 18th even though no time was stated.,玛格丽特和埃文斯计划在4日10点和11日11点会面。他们两人都不确定下一次见面的时间，所以他们会在晚些时候定一下约会的日期。,玛格丽特提议于 12 月 4 日、11 日和 18 日上午见面，埃文斯确认了前两个日期但表示对 18 号不确定。双方讨论了其他备选日期（如 17 号和 14 号），但因行程冲突未能确定。最终约定于 12 月 4 日 10:00 会面，并稍后再定后续时间。,"Margaret: Hi, in December I'd like to meet on 4th and 11th around 10:00 or 11:00. 
 Evans: Hi, 4th - we can meet at 10:00.
 Evans: And 11th - at 11:00. 
 Margaret: Okey. And what about 18th?
 Evans: I'm not sure about 18th. 
 Evans: I might not be in town. 
 Margaret: Okey, so we'll see. 
 Evans: Yes. And I'll let you know next week. 
 Margaret: If it's not 18th, maybe we could meet on 17th?
 Evans: If I go away, I won't also be 17th.
 Margaret: Okey, I get it. 
 Evans: But we could meet 14th, if you like?
 Margaret: Hm, I'm not sure whether I'm avaliable. 
 Evans: So let's set these dates later, ok?
 Margaret: Okey and we see each other 4th 10:00. 
 Evans: Yes!",28.8,3.25,16,73.52,3.343941212,3.928458214,4.064310074,2.798604727,1.741935
qwen3.5:9b,94,NO-ERROR,,The summary accurately reflects the dialogue's key facts and relations.,通过看照片，阿尔奇认为梅兰妮卷发更好看，路易斯不同意。,路易斯和阿奇在聊天时分享了几张 GIF 和照片，阿奇指出其中一张像梅兰妮，两人对此大笑。随后他们讨论了梅兰妮的发型：阿奇认为她卷发更迷人，而路易斯则坚持直发让她看起来同样美丽，尽管观点不同，但彼此都尊重对方的看法。,"Louis: <file_gif>
 Archie: Wtf? Lol!
 Louis: <file_gif>
 Archie: That one looks like Melanie
 Louis: True! Hahahahah
 Archie: Just like in this pic
 Archie: <file_photo>
 Louis: Lol! It's her!
 Archie: By the way, she was way hotter when she had cury hair
 Louis: I disagree, sir! She looks absolutely gorgeous with straight hair
 Archie: Oh well, you have the right to an opinion even if it's wrong XD",20,5.13,17.5,71.07,3.267006397,3.857349157,3.900297642,3.007336617,3.888889
qwen3.5:9b,95,H-DISC,,It frames the high 80-euro return fare as though Linda only needed to pay that modest amount.,琳达没赶上火车，下一班一小时后就到了。返回阿姆斯特丹的费用是80欧元。,琳达错过了火车，下一班要等一小时。她原本只需支付八十欧元即可返回阿姆斯特丹，对此感到十分震惊。多西认为这并非悲剧。,"Linda: I missed the train
 Joseph: When is the next one?
 Linda: In one hour
 Darcy: Not a tragedy
 Linda: It was 80 euros
 Linda: Return to Amsterdam
 Linda: I was shocked!!",44.44,19.23,37.04,76.63,3.848811150,4.360357285,4.378532410,3.073247671,1.628571
qwen3.5:9b,96,H-ENT|H-ROLE,,It invents coworkers as the recent contacts and reverses who is whose thesis supervisor.,莱万多夫斯卡得了麻疹。从17号到19号，所有和她接触过的人都在主楼接种疫苗。,乔安娜收到关于莱万多夫斯卡的邮件，得知她因患麻疹住院。由于近期接触过她的同事需要接种疫苗，而乔安娜是她的论文导师且刚入职时间紧张，梅尔韦强烈建议她在 18 日工作前去主楼参加组织于 17 日至 19 日的疫苗接种活动，希望不必耽误整天工作时间。,"Joanna: They are sending emails about Lewandowska.
 Merve: What happened?
 Joanna: <file_photo> 
 Merve: Wooow!
 Joanna: She is hospitalized because she has measles.
 Merve: She had what?
 Joanna: Anyone who had contact with her within the last couple of days must get vaccinated.
 Merve: Luckily I didn't see her since the last semester...
 Joanna: I did, she is my thesis mentor :(
 Merve: What will you do?
 Joanna: They are organizing vaccinations in the main building from 17th until 19th.
 Merve: You have to go!
 Joanna: I know... And I just started working so I really don't have a lot of time.
 Merve: Come on, this is really important.
 Joanna: I will try to do it before work on 18th, hopefully I won't lose the entire day...",30,8.16,22,70.12,3.367674112,3.614057302,3.830712557,3.030231237,3.052632
qwen3.5:9b,97,NO-ERROR,,The summary accurately reflects the dialogue's key facts and relations.,卡尔在等梅格，她找不到钥匙，要迟到了。,卡尔询问梅格在哪里并催促她，梅格回复说她需要五分钟，因为把钥匙弄丢了。,"Carl: Where are u?
 Carl: I'm still waiting for u!!!
 Meg: I need 5 minutes more, I've lost my key somewhere :(",45.71,0,34.29,72.05,3.662200451,3.973744869,4.091685295,2.970486403,1.842105
qwen3.5:9b,98,NO-ERROR,,The summary accurately reflects the dialogue's key facts and relations.,玛丽亚厌倦了她的工作。,玛丽亚厌倦了这份工作，无法忍受；阿纳斯塔西娅让她冷静下来，费利克斯则劝她不要冲动做决定。,"Maria: I'm tired of this job, I can't stand it anymore
 Anastasia: I know, but calm down
 Felix: don't make decisions in this rash
 Maria: :(",35.71,15.38,28.57,75.62,2.642427921,3.533371687,3.764068604,2.891076565,4.000000
qwen3.5:9b,99,H-CIRC|H-DISC,,It changes visible rocks into obstructed vision and claims agreement even though the speakers did not agree.,卢克明天下午2点22分要去冲浪。,卢克今天冲浪惨败，零波次、三次落水还撞了头板；肯欢迎他加入“摔落俱乐部”，夏末也分享了自己差点掉牙的经历。关于最佳潮汐时间，埃里克认为中潮最好，但卢克坚持低潮更好因为能看清岩石且不会在礁石上冲浪，而埃里克则指出看到岩石意味着危险，虽然知道位置很重要，但若视线受阻就十分糟糕；两人最终达成共识：宁愿看见岩石也不愿撞上它们。,"Luke: wow I got my ass kicked surfing today. 0 waves, 3 wipeouts and 1 surfboard to the head! (can't wait to go back though :D)
 Ken: Yaaaay welcome to the tumble dry club - some days is great others just a knock about
 Summer: I almost lost my tooth one time ;) Hopefully next time is better!
 Luke: low tide is 2:22PM tomorrow. I'll be out there
 Eric: I thought mid tide is generally the best ?
 Luke: Oh yeah? Yesterday was low tide. I thought that's best cuz you can see the rocks
 Eric: Seeing rocks is a bad thing. I mean, you want to be aware of where they are for sure. But rocks in your vision = no bueno
 Luke: well I'd rather seem than** run into them. When the tide is out you're not surfing over the rocks",3.88,0,3.88,56.95,2.819169521,3.623229980,3.833546877,2.868193865,10.000000
mBART-large,0,H-EVT|H-CIRC|OMIT,,It invents a visit to Payton's clothing store and omits the website recommendations and Payton's shopping habits.,佩顿给麦克斯提供了卖衣服的网站。他喜欢浏览、试穿衣服，但不一定都会买。他经常买衣服和书，因为他也喜欢阅读。,马克斯会去佩顿的服装店买东西。,"Max: Know any good sites to buy clothes from?
 Payton: Sure :) <file_other> <file_other> <file_other> <file_other> <file_other> <file_other> <file_other>
 Max: That's a lot of them!
 Payton: Yeah, but they have different things so I usually buy things from 2 or 3 of them.
 Max: I'll check them out. Thanks. 
 Payton: No problem :)
 Max: How about u?
 Payton: What about me?
 Max: Do u like shopping?
 Payton: Yes and no.
 Max: How come?
 Payton: I like browsing, trying on, looking in the mirror and seeing how I look, but not always buying.
 Max: Y not?
 Payton: Isn't it obvious? ;)
 Max: Sry ;)
 Payton: If I bought everything I liked, I'd have nothing left to live on ;)
 Max: Same here, but probably different category ;)
 Payton: Lol
 Max: So what do u usually buy?
 Payton: Well, I have 2 things I must struggle to resist!
 Max: Which are?
 Payton: Clothes, ofc ;)
 Max: Right. And the second one?
 Payton: Books. I absolutely love reading!
 Max: Gr8! What books do u read?
 Payton: Everything I can get my hands on :)
 Max: Srsly?
 Payton: Yup :)",18.18,0.0,13.64,71.03,2.253097057,3.666472673,3.668338537,2.513092279,0.283019
mBART-large,1,H-EVT|H-ROLE|OMIT,H-EVT|H-ROLE|OMIT,"It claims Kelly and Mickey will visit Nagoro, although Ollie only describes it, and omits the sculpture-garden discussion.",凯利很害怕芬兰雕塑花园里的人物，因为她觉得那些人物的脸非常病态。对奥利来说，这就像日本的人偶村，令人毛骨悚然。,凯莉和米基要去日本纳戈罗村。,"Ollie: Okay, Kelly! Ur up nxt!
 Kelly: Me? I don't wanna.
 Mickey: C'mon!
 Jessica: Yeah! What's yours?
 Kelly: Fine. It's a sculpture garden in Finnland.
 Ollie: What's scary about sculptures? Wait! Do they resemble vampires and stuff?
 Mickey: Nah, I'm sure they look rly nice.
 Kelly: It's not the sculptures, it's the amount of them and their faces!
 Jessica: Faces? What faces?
 Kelly: Well, they resemble ppl in different activities like hugging, training, doing sport and so on. But the faces are just morbid and there's like a hundred of them. All staring at you!
 Ollie: Another one?
 Mickey: Certainly!
 Jessica: Well, Ollie, ur turn!
 Ollie: Nagoro village in Japan!
 Mickey: Y?
 Ollie: Well, maybe it's not scary, but it similar to Kelly's place. It's just creepy as hell.
 Jessica: Bt y?
 Ollie: Imagine a village with ppl living in it. And in the same village u have these human-sized figures. And there's more of them than the ppl that actually live there!
 Kelly: Creepy AH!
 Mickey: WTF?! Y would ppl even do that?
 Jessica: Idk. Idc. Never. Going. There.
 Ollie: See! Mine was the worst!
 Jessica: Bt not the scariest!
 Ollie: Point taken.
 Mickey: Listen, guys, fun talking to u, bt gotta go. 
 Kelly: Yeah, me too. Bye!
 Jessica: Bye!
 Ollie: Cu!",9.52,0.0,9.52,60.94,2.202018261,3.592179537,3.355407715,2.051539421,0.254545
mBART-large,2,OMIT,OMIT,"It mentions their surprise but omits the rejected client request, the boss's approval, and the plan to attract competing clients.",贝拉和埃里克拒绝了一个客户的要求。他们老板很赞赏这个决定。他会吸引新的客户来。,埃里克和贝拉对老板的反应感到惊讶。,"Eric: Hey Bella, What happened today in boss's room?? Was he angry??
 Bella: NO NO!!! He wasn't angry at all.. He actually appreciated on our brave deccision to dismiss the request of client..
 Eric: REALLY!! He appreciated this decision..
 Bella: Yeah he really did.. I too was astounded by his reaction...
 Eric: What could possibly lead to this?? I mean , they were potential clients...
 Bella: What he told me was that he was looking forward to bring in new clients which were our current client's competitor..
 Eric: Oh that could possibly be the reason.Well anyways you got appreciation xD congo 
 Bella: hahaha Blessing in disguise xD",31.25,0.0,18.75,71.09,1.800889969,4.144139290,4.373366356,1.898553610,0.435897
mBART-large,3,LANG|OMIT,LANG|OMIT,"The phrase about borrowing ""boxes"" is malformed, and the summary omits Carter's promise to lend money in an hour.",玛丽的钱用完了，卡特打算一小时后借给她一点。,玛丽要卡特借几箱钱。卡特在火车站。,"Mary: hey, im kinda broke, lend me a few box
 Carter: okay, give me an hour, im at the train station
 Mary: cool, thanks",32.0,8.7,32.0,71.71,3.058986902,3.978491783,3.893430948,2.825361729,0.772727
mBART-large,4,NO-ERROR,NO-ERROR,The plan to have cocktails later that day is supported by the dialogue.,杰克和梅一会儿要喝鸡尾酒。,杰克和梅今天会喝几杯鸡尾酒。,"Jack: Cocktails later?
 May: YES!!!
 May: You read my mind...
 Jack: Possibly a little tightly strung today?
 May: Sigh... without question.
 Jack: Thought so.
 May: A little drink will help!
 Jack: Maybe two!",66.67,30.77,66.67,88.28,2.972761631,4.558211327,4.240934372,2.611918449,1.076923
mBART-large,5,H-ROLE|LANG|OMIT,H-ROLE|LANG|OMIT,"It briefly reverses who sent the photo, repeats the same clause many times, and omits the twin calves and Ella's delight.",约瑟夫给艾拉发了一张乌耶克·雅内克家双胞胎奶牛的照片，艾拉很高兴。,"约瑟夫给艾拉发了一张小奶牛的照片。艾拉给约瑟夫发了一张小奶牛的照片,约瑟夫发了一张小奶牛的照片,约瑟夫发了一张小奶牛的照片,约瑟夫发了一张小奶牛的照片,约瑟夫发了一张小奶牛的照片,约瑟夫发了一张小奶牛的照片,约瑟夫发了一张小奶牛的照片,约瑟夫发了一张小奶牛的照片,约瑟夫发了一张小奶牛的照片,约瑟夫发了一张小奶牛","Joseph: It's fuzzy but I think you can recognize what's that(^_-)-☆
 Joseph: <file_photo>
 Ella: Ooooo
 Ella: Baby cows??(/◕ヮ◕)/(/◕ヮ◕)/(/◕ヮ◕)/
 Joseph: Wujek Janek has tween cows:D
 Ella: Twins* darling xD
 Joseph: Oh yeah, sorry Twins*
 Ella: Good for him!! So cool❤️❤️
 Ella: Wanna touch them❤️❤️❤️",20.56,15.24,18.69,73.06,3.857449055,4.144236565,4.280865669,4.092578888,4.727273
mBART-large,6,OMIT,OMIT,"The puppy named Bones is supported, but the summary omits its age, breed, and the other pets' reactions.",之前阿黛尔得到了一只新的可爱的拉布拉多狗，4个月大，名叫秋伊。她的猫咪们和她保持着距离，而小狗波比和露露都很像它们的妈妈秋伊和斯皮迪，都想出去玩。,"阿黛尔养了一只小狗,名叫骨头。","Lola: hey girlfriend, what's up?
 Adele: Oh, hi Lols, not much.
 Adele: got a new dog.
 Lola: another one?
 Adele: Yup. a pup biscuit lab. 4 months. Chewy.
 Lola: how did the others react?
 Adele: the cats keep their distance, Poppy and Lulu seem to mother him. Speedy wants to play.
 Lola: no fighting? that's new.
 Adele: they say puppies are accepted by other animals more easily than older dogs
 Lola: especially girl dogs, probably
 Adele: with the other ones I had to wean them because I took them in as adult dogs. And girls like to fight. like crazy.
 Lola: doggies, right/.
 Adele: that too :P
 Lola: haha. true though.
 Adele: I know, right. Anyway, called him Bones. He's so plump it kinda fit.
 Lola: cute. can't wait to see him.",18.52,7.69,14.81,70.56,2.134649277,4.146263599,4.243029594,2.439425468,0.205479
mBART-large,7,NO-ERROR,NO-ERROR,"The restaurant, participants, and tomorrow schedule are all supported by the dialogue.",琳达和劳拉明天要去一家意大利餐馆。,琳达和劳拉明天要去一家意大利餐厅。,"Laura: where will we go tommorow?
 Linda: maybe this italian restaurant?
 Laura: hmm ok
 Linda: i love their pasta
 Linda: and brownie :)
 Laura: i thouht you dont eat sweets
 Linda: this brownie is not so sweet",88.89,87.5,88.89,99.46,3.704732656,4.747477531,4.783844471,4.481051445,1.000000
mBART-large,8,H-EVT|H-MOD,H-EVT|H-MOD,It incorrectly includes Elliot in the girls' night and turns his conditional offer to pick Mia up into a definite event.,米娅今晚下班后要和她的女性朋友一起出去。如果她愿意，艾略特会来接她。,米娅和埃利奥特今晚要出去。他们要出去喝一杯。埃利奥特会去接米娅。,"Mia: babe, do you mind if i go out after work tonight?
 Elliot: yeah, sure. go for it ;) 
 Mia: thanks, babe. it's gonna be girls night out 
 Elliot: what're u up to?
 Mia: well, you know we gonna grab some drinks have some nice time outside of work
 Elliot: don't be too late please and if you need me to pick u up just give me a ring",38.89,5.88,33.33,74.53,3.648990393,4.354051590,4.277240753,3.203582048,0.941176
mBART-large,9,H-EVT,H-EVT,"It changes the speakers' concern about Ukraine into disappointment, which is not stated.",瑞安和塞巴斯蒂安担心乌克兰的政治局势。,瑞安和塞巴斯蒂安对乌克兰感到失望。,"Ryan: I have a bad feeling about this
 Ryan: <file_other>
 Sebastian: Ukraine...
 Sebastian: This russian circus will never end...
 Ryan: I hope the leaders of of nations will react somehow to this shit.
 Sebastian: I hope so too :(",57.14,33.33,57.14,85.38,2.764718294,4.722437859,4.480871201,2.856178522,0.894737
mBART-large,10,LANG|OMIT,LANG|OMIT,It awkwardly renders Elephant and Castle as Ivory City and omits that the meeting is tomorrow.,费恩和查蒂明天2点去象堡，他们会在正门碰头。,扎迪和芬要去一家叫“象牙城”的购物中心。他们将在2点左右在主入口处见面。,"Finn: Hey
 Zadie: Hi there! What's up?
 Finn: All fine. You? 
 Zadie: Not bad, thanks 
 Finn: Look, I was thinking of going to this neighborhood called Elephant and Castle tomorrow, it's apparently full of Latin American stuff. Fancy joining? 
 Zadie: Sure! But what's ""stuff""? 😂
 Finn: lol So apparently it's a place were random people from ""Latin America"" (meaning fuck knows which countries) started running small businesses and restaurant, and a nice little community was formed
 Zadie: Oh cool 
 Finn: Then capitalism came and it's all going to be demolished soon, so it's like the last chance to go
 Zadie: What a shame :( Yeah, I haven't had Latin American 😂 food for ages so I'm totally up for it
 Finn: Can't wait to taste this cuisine of unspecified Latino origin lol
 Zadie: 😂😂😂
 Finn: But we can specify time and place if and only if you wish 
 Zadie: I might be tempted to lol I'd say early evening, 2-ish?
 Finn: Yeah, that's fine by me. So most of the places we want to visit are in this Elephant and Castle shopping centre. Shall I see you at the main entrance, wherever that is 
 Zadie: 2 o'clock at unspecified main entrance then? Sounds good to mw
 Finn: Yer
 Zadie: Cool, see you there! And thanks so much for remembering about me 💜💜💜
 Finn: Thanks for saying yes to such an ill-defined plan lmao 
 Zadie: Ha ha You know I love those
 Finn: See you tomorrow then 
 Zadie: Yep Call me if you get lost
 Finn: I will I will 🤙 byeeee 
 Zadie: Toodles",22.86,6.06,17.14,72.43,2.966227770,3.943525314,4.061466217,2.308309555,1.636364
mBART-large,11,H-EVT|OMIT,H-EVT|OMIT,"It literalizes the metaphorical ""fight"" as an actual fight and omits Tom's instruction to bring the papers.",汤姆下午2点会在椭圆形会议室与本会面。他会先告诉对方把文件带来。,汤姆和本将在下午2点在椭圆形房间见面。他们将进行一场战斗。,"Tom: Ben. We've decided. 2pm in the Oval Room.
 Ben: Ok, I'll be there
 Tom: Take all your papers, it's going to be a fight! And remember: take no prisoners, shoot to kill!
 Ben: hahaha, we have to win this battle.
 Tom: We will, the justice is on our side.",38.89,11.76,33.33,76.82,3.188315868,4.222910881,4.318543434,2.594901085,0.906250
mBART-large,12,NO-ERROR,NO-ERROR,"The funeral, Brad's liver cancer, and Elliot's 8 p.m. call are all directly supported by the dialogue.",艾略特现在没空和乔丹说话，他很忙。晚上6点他会给乔丹回电话。乔丹要去参加布拉德的葬礼，布拉德因肝癌去世了。,乔丹要去参加他的同事布拉德的葬礼。布拉德患有肝癌。埃利奥特晚上8点会给乔丹打电话。,"Elliot: i can't talk rn, i'm rly busy
 Elliot: can i call u back in about 2 hours?
 Jordan: Not really, I'm going to a funeral.
 Jordan: I'll call you tonight, ok?
 Elliot: sure
 Elliot: whose funeral is it?
 Jordan: My colleague's, Brad.
 Jordan: I told you about him, he had a liver cancer.
 Elliot: i'm so sorry man, i hope u're ok
 Elliot: i'll call u at 8 pm",53.57,29.63,35.71,83.25,3.288649321,4.269907951,4.122643948,2.894389629,0.773585
mBART-large,13,H-CIRC|H-MOD|OMIT,H-CIRC|H-MOD|OMIT,It changes an appointment unavailable until the 6th into a requirement to go before the 6th and omits the temporary hair-color plan.,弗洛要到6号才能预约到做头发。她担心自己头发会变成灰色，所以必须在特易购买一套补色工具。,弗洛必须在6号前去理发店。,"Flo: OMG, I can't get into the salon until the 6th!
 Gina: What? Why?
 Flo: They're just too busy. I'm going to be gray! LOL!
 Gina: Get you a touch-up kit at Tesco!
 Flo: Gonna have to!",29.41,12.5,17.65,71.7,2.406667948,3.682187557,3.531304836,2.320693254,0.295455
mBART-large,14,H-EVT|H-ENT|H-ROLE,H-EVT,"It invents a past judgment, changes Jack's identity, and replaces the planned talk after Jack returns with a call by Jackie.",根据杰克所说，理应由大卫承担责任。等杰克回家后他们再谈。,大卫和杰基昨天对大多数事情都持了正确的态度。杰基回家后会给大卫打电话。,"Jacky: I think you were right yesterday. 
 David: What about? I'm right about most things :P
 Jacky: Yeah, whole you ;)
 Jacky: About taking the blame etc. 
 David: Okey, I remeber. We'll talk later?
 Jacky: With pleasure. I'll call you when I get home.",17.14,0.0,17.14,66.52,2.306785583,3.362976789,3.383683920,2.193478107,1.250000
mBART-large,15,H-MOD|H-ROLE|H-EVT,H-MOD|H-ROLE|H-EVT,It negates Adele's assigned chore and falsely says Pete completed it.,阿黛尔放学后得打扫仓鼠笼。,艾黛尔没打扫仓鼠笼。皮特放学后打扫了。,"Pete: Did you clean the hamster cage?
 Adelle: No. Is it my turn?
 Pete: Yes. After school, no excuses.
 Adelle: Fine.",55.56,37.5,33.33,87.28,2.471295357,4.243813515,3.901980400,2.458827972,1.461538
mBART-large,16,NO-ERROR,NO-ERROR,Maya buying five packs of earplugs for Randolph at the pharmacy is accurately summarized.,玛雅会在药房为伦道夫买5包耳塞。,玛雅会在药房给兰多夫买5包耳塞。,"Randolph: Honey
 Randolph: Are you still in the pharmacy?
 Maya: Yes
 Randolph: Buy me some earplugs please
 Maya: How many pairs?
 Randolph: 4 or 5 packs
 Maya: I'll get you 5
 Randolph: Thanks darling",80.0,66.67,80.0,95.28,4.843466759,4.898895264,4.923276901,4.015124321,1.000000
mBART-large,17,H-EVT|H-MOD|OMIT,H-EVT|H-MOD|OMIT,"It falsely says the speakers attended a party, presents Alene's possible depression without its uncertainty, and omits Lincoln's advice.",法蒂玛很担心詹森和艾琳。艾琳遇上了一些问题。但林肯不希望法蒂玛为别人操心太多。,林肯、法蒂玛和詹森去了一个关于艾琳的聚会。法蒂玛认为艾琳可能患有抑郁症。,"Lincoln: Heeyyy ;* whats up
 Fatima: I talked to Jenson, he’s not too happy ;p
 Lincoln: the place sucks??
 Fatima: No, the place is ok, I think, we can go there, it’s about Alene
 Lincoln: typical, dont worry about it
 Fatima: He thinks she may have a depression :[
 Lincoln: nothin new, everyone has it, she needs a doctor then
 Fatima: But she won’t go ;/
 Lincoln: so she’s destroying her life fuck it its not your problem
 Fatima: It is, they’re both my friends!
 Lincoln: you better think what to do if they break up
 Fatima: Ehh yes Ill have a problem ;//
 Lincoln: both blaming each other and talking with you about it, perfect
 Fatima: Alene is just troubled… She’d been through a lot…
 Lincoln: everyone has their problems, the question is are ya doin sth about them
 Fatima: She has problems facing it, don’t be surprised :[
 Lincoln: then it is her problem
 Fatima: You are so cruel at times… o.O
 Lincoln: maybe, for me its just a common sense
 Fatima: Why can’t everyone be just happy???
 Lincoln: youll not understand, you had good childhood, nice parents, you have no idea
 Fatima: Probably, true… Well I can be just grateful o.o
 Lincoln: do that and stop worrying about others, youre way to bautful for that <3
 Fatima: :*:*:*",47.62,0.0,23.81,72.36,2.559763908,4.093426228,3.893126965,2.320301533,0.923077
mBART-large,18,H-ROLE|H-MOD|OMIT,H-ROLE|H-MOD|OMIT,It says Lia and Jim will attend despite their not agreeing to go and omits that Jeff will drive Mico.,米科和杰夫要去参加村里的聚会，杰夫开车。,杰夫、莉娅、米科和吉姆要去参加一个乡村派对。,"Jeff: Should we go to the village party?
 Lia: I'm too tired after hiking
 Mico: I'd like to go, there may be some hot boys!
 Lia: I doubt
 Jim: like a real village boy?
 Jim: who doesn't even speak English?
 Mico: yes, the dummer, the better
 Jim: haha, stupid fucks good, they say
 Mico: I confirm!
 Lia: not my cup of tea
 Mico: I'll go there, who wants to join?
 Jeff: I'll go as well
 Mico: wanna drive?
 Jeff: so you could drink?
 Mico: would be nice, hahah
 Jeff: not excited, but ok
 Mico: thanks!",56.0,26.09,40.0,80.43,3.973324060,4.839369774,4.863103867,3.132035017,1.100000
mBART-large,19,H-EVT|H-MOD|OMIT,H-EVT|H-MOD|OMIT,"It invents another argument, weakens Cindy's completed call into mere ability, and omits Harry's request and Ella's missed call.",艾拉没有接哈利的电话。在哈利的请求下，辛迪给艾拉打了电话。,辛迪和埃拉发生了另一场争执。辛迪现在可以给埃拉打电话。,"Harry: heyyyy are you there??
 Cindy: Yes dear what is it?
 Harry: Can you call Ela and tell her i need to talk urgent please pick my call.
 Cindy: what happened now? an other fight :O
 Harry: please tell her
 Cindy: MAN! you guys... am i some kind of a messenger service here?
 Harry: PLEASEEEEEEEEE ?
 Cindy: ok doing.... but thats the last time.
 Harry: Yes like always:P
 Cindy: Hate you seriously man.
 Harry: Thank you
 Cindy: Done you can call her now.",23.53,6.25,17.65,73.07,2.928975105,4.356462479,4.083151817,2.666931391,0.931034
mBART-large,20,H-EVT,H-EVT,It replaces Ken's attempt to prank Greg with an unsupported attempt to recover money.,肯恩正试图捉弄格雷格。,肯想让格雷格拿回他的钱。,"Ken: Fuck you, you pimp
 Greg: What?
 Ken: Fuck you man, I want my money back
 Greg: Was your account hacked by some prankster?
 Ken: No, I'm the prankster, just having a laugh at your expense
 Greg: Well, fuck you too then XD",16.67,0.0,16.67,76.39,2.021911621,4.934323311,4.914104939,4.497477531,1.090909
mBART-large,21,H-MOD|H-CIRC,H-MOD|H-CIRC,It changes a talk in five minutes into not talking because Simon is free at five o'clock.,西蒙五分钟后会和阿德里安谈一谈。,"西蒙不会说话,因为他五点钟有空。","Adrian: Can you talk?
 Simon: Not really, anything important?
 Adrian: Not that much.
 Simon: I'll be free at 5
 Adrian: i'll you then",14.29,0.0,14.29,63.32,2.548579693,4.294710159,3.861794949,2.566764355,1.000000
mBART-large,22,H-CIRC|H-MOD|H-DISC,H-EVT|H-MOD,It invents a meeting at Gabe's home for drinks and reverses Kate's rejection and decision to stop speaking to him.,加布想在线下和凯特见一面。但是凯特不喜欢加布的要求，所以她不会再和他说话了。,加布和凯特打算在加布家见面喝一杯。,"Gab: Ah that's better. Now we can message all we like.
 Kat: :-)
 Gab: So when can we meet up for a drink?
 Kat: Fairly busy at the moment so I'm not sure when.
 Gab: I'd love to meet you in real life.
 Kat: I don't meet strange men from the internet.
 Gab: Why not?
 Kat: Not that sort of gal.
 Gab: But you're talking to me, aren't you?
 Kat: Yes, but that's different.
 Gab: How so?
 Kat: Just is.
 Gab: But it would be so much nicer to do this cuddled up right next to you...
 Kat: I think this was a mistake.
 Gab: Are you there?
 Gab: Where did you go?
 Gab: Kat?",23.53,6.25,23.53,73.4,2.221818924,4.150164604,4.209297180,2.285370350,0.447368
mBART-large,23,H-EVT,H-EVT,"It adds that Agatha is taking an economics class, which the dialogue does not establish.",阿加莎为自己感到骄傲，因为她已经完成了经济学相关的报告。她对经济学很感兴趣。,"阿加莎的报告已经准备好了,她正在上经济学课。","Agatha: My presentation is ready as we speak :)
 Adam: oh cool, what course?
 Agatha: Economics.
 Adam: Is it interesting? I mean... your presentation.
 Agatha: Definitely, I used recent research.
 Adam: Sounds like you know what you're doing :P
 Agatha: I'm just really into economics :)
 Adam: no doubt about that",48.48,12.9,36.36,73.65,2.606462002,3.660245657,3.550285339,2.446062088,0.578947
mBART-large,24,H-ROLE|H-ENT,H-ROLE|H-ENT,It reverses who recommended the album and mistranslates the band name from Thirty Seconds to Mars.,凯恩向香农推荐30秒上火星乐队的新专辑。,香农推荐凯恩听听听《30 Seconds to March》。,"Kane: have you heard the new 30 seconds to mars album?
 Shannon: no, is it good?
 Kane: you should so check it out
 Shannon: ok thanks for the recommendation
 Kane: no prob",33.33,9.09,25.0,70.32,3.529554605,4.864895821,4.835586548,3.453472853,1.400000
mBART-large,25,OMIT,OMIT,It captures Anne's anger about the call but omits Miranda's flirtatious manner and Anne's relationship with Tom.,米兰达昨天打电话给汤姆，很甜蜜地和他讲话。安妮很生她的气，因为她正在和汤姆约会。,"安妮讨厌米兰达,因为她昨天给汤姆打了电话。","Anne: I hate that bitch!
 Catherine: What did she do again???
 Nora: Who's the bitch?
 Nora: Sorry I missed something
 Catherine: Miranda!!! 
 Catherine: We all hate her
 Anne: Yesterday she called Tom, was all sweet with him you know how she can be....
 Catherine: No way she did it!! How dare she!! She knows you guys are dating.
 Anne: I think that's why she did it. She wants to take Tom away from me.
 Nora: Oh, come on! She's not his type!",43.24,17.14,27.03,79.26,2.799971581,4.050703526,3.815429211,2.670471907,0.525000
mBART-large,26,OMIT,OMIT,"The shared evening and Thomas's Romanian identity are correct, but his wealthy family background is omitted.",莉莉和托马斯度过了一个美好的夜晚。托马斯是罗马尼亚人，来自一个非常富有的家庭。,莉莉和一个叫托马斯的罗马尼亚人度过了一个美好的夜晚。,"Lily: I spent an amazing night with this guy
 Kate: What's his name?
 Lily: Thomas
 Kate: Is he English?
 Lily: He is Romanian, but from an extremely rich family, it seems
 Kate: What does he do in London?
 Lily: LSE
 Kate: of course, so predictable 
 Lily: Hahah, but I expected him to be more banal and boring
 Kate: but?
 Lily: to be more mediocre...
 Kate: in size, in passion or in wallet?
 Lily: In everything. I've had so much pleasure that I have a headache
 Kate: I'm glad to read that. You deserved some fun after the last weeks.
 Lily: haha, I agree!",74.29,42.42,51.43,85.74,3.287841082,4.566134453,4.383571625,3.434339762,0.666667
mBART-large,27,H-ENT|OMIT,H-ENT|OMIT,"It invents ""work venue"" as the ticket type and omits Jack's thirty-percent discount.",杰克预定了三张明天晚上七点的票。他能享受七折优惠。,杰克为明天晚上7点预订了3张工作场地票。,"Bob: did you reserve the tickets for tomorrow?
 Melanie: Jake promised me he will do that
 Melanie: he has some workplace discount on them
 Bob: Jake are you here?? Did you reserve the tickets?
 Jake: yes I did, 3 tickets for tomorrow, 7 pm
 Jake: and we got a 30% discount on them too :)",37.04,8.0,29.63,81.34,3.170694828,4.212666512,4.509195328,2.371621609,0.800000
mBART-large,28,H-EVT|H-ROLE|OMIT,H-EVT|H-ROLE|OMIT,"It invents Lisa advising Peter to exercise and sleep, misassigns the advice, and omits Peter's current routine and Lisa's diet plan.",彼得最近一直在他们办公室附近的健身房锻炼以改善健康状况。为了更健康，丽莎正在考虑锻炼和更加合理饮食。,丽莎想锻炼一下。彼得有健身俱乐部的会员资格。丽莎建议他多锻炼身体。丽莎建议他多睡觉。,"Lisa: Hello Peter. What have you been doing off late?
 Peter: Bit busy with work.
 Lisa: Too much of work, huh?
 Peter: Not really, I’ve been working out
 Lisa: Ohh, trying to get in shape?
 Peter: Nah, I don’t have much of weight to lose, just want to improve my health.
 Lisa: That’s a good thought. I was also thinking of working out a bit. What do you do? Do you go to a Gym?
 Peter: Yes, I hold a membership with the one near our office.
 Lisa: Which exercises do you do regularly?
 Peter: I do weights and run on the treadmill.
 Lisa: Besides exercises, I think I need to eat better to help me keep in shape.
 Peter: Another major requirement for good health is sleep. On an average one requires at least 7-8 hours of sleep.
 Lisa: There are a lot of things we can do to stay healthy.
 Peter: Yes. One needs to maintain a regime to stay healthy for a long term.",24.0,4.17,20.0,68.18,2.171120405,3.860596180,3.838768721,2.529911995,0.840000
mBART-large,29,H-ENT|OMIT,H-ENT|OMIT,It changes the vase into a bottle of flowers and omits the total price of 70 euros.,杰西卡在市中心的二手商店买了一张桌子、六把椅子、一个花瓶和一堆衣服。这些一共花了70欧元。,杰西卡在市中心的二手店买了一张桌子、六张椅子、一瓶花和一大堆衣服。,"Jessica: I went to the second hand shop downtown 
 Frank: Cool
 Raphael: What did you get?
 Jessica: Lots of stuff
 Jessica: A table, six chairs, a vase, a pile of clothes
 Frank: That's really a lot of stuff :-)
 Raphael: send us pictures
 Jessica: <photo_file>
 Jessica: <photo_file>
 Raphael: Beautiful table
 Raphael: Is it wood?
 Jessica: yes, oak 
 Raphael: Awesome
 Jessica: <photo_file>
 Frank: These are the clothes?
 Frank: I love the black dress
 Jessica: It's absolutely beautiful
 Jessica: As soon as I saw it I knew it would be mine
 Jessica: I'm so happy with what I bought
 Jessica: And the best is I paid only 70 euros for all of that!!",62.22,37.21,57.78,90.97,3.615091085,4.620097160,4.497139931,3.027157545,0.733333
mBART-large,30,H-EVT|OMIT,OMIT,It adds that Lucien has not cooked and omits that he is away from home.,卢西恩不在家。德西蕾希望卢西恩把她的意大利面放在微波炉里。,德西里想让卢西安把意大利面放在微波炉里。卢西安还没有做饭。,"Desiree: U both at home?
 Lucian: No. I've just got ur msg. Why did u ask about it?
 Desiree: No reason. Keep my pasta in the microwave
 Lucian: I haven't cooked anything",42.42,25.81,36.36,84.3,2.740732431,4.236564159,3.892951012,2.889284372,1.000000
mBART-large,31,H-CIRC|H-DISC,H-CIRC,It states a single 5:30 meeting time although Kate says she will arrive closer to 6 and the group accepts that adjustment.,艾米丽、凯特和玛塔今天要去中央车站的x酒吧喝一杯。,艾米丽、凯特和玛尔塔今天五点半要去中央车站x酒吧喝一杯。,"Emily: fancy a drink after work today?
 Kate: sure!
 Marta: Good idea! 
 Marta: Where? When?
 Emily: Maybe in the Pub X at the central station at 5.30?
 Kate: I may be closer to 6, traffic on my way
 Marta: Fine for me.
 Marta: See you then, Ladies!
 Emily: Bye! see ya :*
 Kate: :*",75.86,51.85,75.86,94.06,4.322279930,4.879462242,4.874971867,3.290060043,1.120000
mBART-large,32,NO-ERROR,NO-ERROR,Mary's absence from school and staying home are accurately summarized.,今天玛丽没有去上学，她就待在家里。,"玛丽今天没去上学,所以她呆在家里。","Mary: Hi my friend :*
 Alice: U re not at school?
 Mary: No i stayed at home today.
 Alice: Lucky u!",60.0,22.22,50.0,92.2,4.153241158,4.767075539,4.703512192,3.902281284,1.000000
mBART-large,33,H-ENT|H-EVT|OMIT,OMIT,It replaces the sachets left in the mailbox with cold medicine given directly to Christine and omits the concern about contagion.,克莉丝汀病了，明天不来上学了。安妮会把西拉夫的香囊放在邮箱里。克莉丝汀不想把病传染给她。,"克莉丝汀感冒了,她明天不去上学了。她感冒了。安妮会给克莉丝汀一些热感冒药。","Annie: Are you going to be at school?
 Christine: Not tomorrow. I am not well.
 Annie: Oh noes! What happened?
 Christine: Got the flu, I think.
 Annie: what's your temperature?
 Christine: Not high, I'm not running a fever or anything
 Annie: Are you eating ok?
 Christine: Yeah. Just blocked nose, sore throat. Tired.
 Annie: Sounds like you've got a cold. You need anything?
 Christine: I could do with some Theraflu.
 Annie: OK, I think we've still got some sachets, should be in date. I'll drop them through your letterbox later on.
 Christine: Yeah. Don't call in because I'll feel bad if you catch this cold off me.
 Annie: I think I probably had it already, but you might be sleeping.
 Christine: If the light in my room is on, call if you want.",50.98,24.49,43.14,78.94,4.171448708,4.743138313,4.696054459,3.483440638,0.840909
mBART-large,34,NO-ERROR,NO-ERROR,Shaldona's wedding and her lack of time to deliver invitations in person are supported by the dialogue.,沙尔多纳通过手机发送了婚礼邀请，因为她没有时间亲自去送邀请函。,"沙尔多娜要结婚了,但她没有时间亲自送邀请卡。","Shaldona: WE ARE GONNA GET MARRIED ❤️❤️
 Shaldona: <file_others>
 Shaldona: This is our mobile inviation for our wedding.
 Shaldona: Invitation*
 Piper: Hey. You haven’t sent me any messages for a few years.
 Piper: And now you are sending me your wedding invitation 
 Piper: THROUGH MESSENGER?
 Shaldona: .....
 Shaldona: Well..
 Shaldona: I had no enough time to meet everybody and give this in person.
 Shaldona: Hope you understand.
 Piper: If you don't have time to give the invitation card in person but expect people go to your wedding
 Piper: Shaldona, if so, you are too greedy.",45.16,20.69,45.16,83.06,3.876954317,4.797704697,4.754794121,4.154512405,0.709677
mBART-large,35,NO-ERROR,NO-ERROR,Conrad forgetting his keys and waiting at the cafe for Tiffany and Rebecca are accurately summarized.,康拉德忘了带钥匙，所以回不了家。瑞贝卡和蒂芙妮回来得晚，他得在咖啡厅等。,康拉德忘了带钥匙。他会在咖啡店等蒂芙妮和丽贝卡。,"Conrad: I'm outside the house
 Conrad: I forgot my keys...
 Rebecca: 💩
 Tiffany: I'll be home at 10-11
 Rebecca: I'm coming back even later
 Conrad: Oh no...
 Conrad: I'll wait in the coffee shop",45.71,30.3,40.0,85.2,3.703153610,4.375914574,4.307223320,3.185195684,0.666667
mBART-large,36,H-ENT|H-EVT|OMIT,H-ENT|H-EVT|OMIT,"It invents Ludmila owning a reptile and Jacopo explaining it later, while omitting that her favorite dinosaur was a triceratops.",卢德米拉小时候最喜欢的恐龙是三角龙。,卢迪米拉有一只爬行动物。雅科波稍后会告诉她为什么爬行动物。,"Jacopo: hey, did you have a favorite dinosaur growing up?
 Ludmila: yes, triceratops. why?
 Jacopo: i'll tell you why later.",8.33,0.0,8.33,65.87,2.192466497,4.155091286,3.580277205,2.479867458,1.611111
mBART-large,37,H-EVT|OMIT,H-EVT|OMIT,It changes Claire ordering a wedding dress on their advice into Maria and Nicole merely liking the dress.,在玛丽亚和妮可的建议下，克莱尔正在订购她的婚纱。,玛丽亚和妮可喜欢克莱尔的裙子。,"Claire: Check this out :)))
 Claire: <file_other>
 Maria: !!
 Nicole: Absolutely perfect for you!!
 Claire: I guess so
 Claire: But it could be a bit darker, cause this color is not very vivid
 Nicole: Noooooo, I think this color is perfectly good for the bride
 Maria: And it's no that expensive :)))
 Claire: Yes, the price appeals to me xD
 Nicole: You should order that dress
 Nicole: I think you won't regret
 Maria: Don't hesitate, it's incredibly beauty!!
 Claire: Ok, if you say so :))",47.62,21.05,47.62,79.02,2.530797958,4.813092232,4.565733910,3.112068176,0.625000
mBART-large,38,H-ENT|H-EVT|H-CIRC|OMIT,H-ROLE|H-MOD|OMIT,"It invents a party, participants, U.S. migration, and specific Albanian origins while omitting the family's language and illegal departure.",米罗和他的父母说阿尔巴尼亚语。他的家人在20世纪90年代非法出境离开了阿尔巴尼亚。,"布伦达和布兰登昨天在聚会上遇到了米罗。米罗的父亲来自阿尔巴尼亚,在上世纪九十年代初从阿尔巴尼亚移民到美国。米罗的父亲来自海滨阿尔巴尼亚。米罗的父亲来自蒂拉纳。","Abby: Have you talked to Miro?
 Dylan: No, not really, I've never had an opportunity
 Brandon: me neither, but he seems a nice guy
 Brenda: you met him yesterday at the party?
 Abby: yes, he's so interesting
 Abby: told me the story of his father coming from Albania to the US in the early 1990s
 Dylan: really, I had no idea he is Albanian
 Abby: he is, he speaks only Albanian with his parents
 Dylan: fascinating, where does he come from in Albania?
 Abby: from the seacoast
 Abby: Duress I believe, he told me they are not from Tirana
 Dylan: what else did he tell you?
 Abby: That they left kind of illegally
 Abby: it was a big mess and extreme poverty everywhere
 Abby: then suddenly the border was open and they just left 
 Abby: people were boarding available ships, whatever, just to get out of there
 Abby: he showed me some pictures, like <file_photo>
 Dylan: insane
 Abby: yes, and his father was among the people
 Dylan: scary but interesting
 Abby: very!",29.03,0.0,19.35,74.18,2.607989550,3.556211472,3.525630236,2.491812229,1.926829
mBART-large,39,H-EVT|H-MOD|H-CIRC|OMIT,H-EVT|H-MOD|H-CIRC|OMIT,"It changes an 8 p.m. meeting into a Saturday party, includes Tom although he cannot attend, and omits the reason and roles.",丹、蒂姆、克里斯和马丁8点碰面。丹和马丁这次会放松一下。汤姆来不了，因为他岳父岳母家有个聚会。,丹、蒂姆、克里斯、汤姆和马丁周六要去参加一个聚会。,"Dan: Guys, so are we going out on Sat?
 Tim: I'm ready when you are
 Chris: I'm OK too, in the centre right?
 Tom: I'm out guys sorry. 
 Dan: come on Tom, what's wring this time
 Tom: told ya before. party at in-laws
 Chris: always the same story right
 Martin: right guys, so what time?
 Tim: start @8? finish. 8 if we're lucky
 Dan: yeah, i need to be home at 2 and ready to drive on Sunday noon
 Chris: so you takin it easy this time
 Martin: i guess i'd have to as well
 Tim: guys you sound like 60 yos
 Chris: Tim, are the last two standing or what?
 Tim: i gather
 Dan: you two will also grow up one day.",44.44,27.91,40.0,77.0,2.710943460,4.094584942,3.995091677,2.330040693,0.531915
mBART-large,40,NO-ERROR,H-EVT|OMIT,"The broken laptop, 9 a.m. deadline, borrowing arrangement, brother, and one-hour pickup are supported by the dialogue.",迪玛的笔记本电脑坏了，因为她的猫把咖啡洒在笔记本电脑上。 迪玛很担心，因为她明天必须为trados提供翻译。一个小时后迪玛会来纳达家，借纳达的笔记本电脑。,"迪玛的笔记本电脑坏了,她明天九点要交翻译。她想借给娜达的笔记本电脑。娜达把笔记本电脑给了她的哥哥。迪玛一小时后会来取笔记本电脑。","Dima: hello! 
 Nada: hey girl, what's up?
 Dima: I'm in a huge trouble, my laptop is broken and I have to deliver a translation tomorrow @9 😱😱
 Nada: fuck what happened??
 Dima: the stupid cat spilled coffee on it 😣😣 I'm freaking out!
 Dima: you still have your old laptop? is it possible to lend it to me please?
 Nada: no sorry, I've given it to my brother - but you're lucky! I've taken these two days off so you can take mine
 Dima: ooh man! thank you sooo much!!! if it weren't for Trados, I wouldn't be panicking :( 
 Nada: no worries, it happened... but I always think about this... like man, we need some back up laptops!
 Dima: I know! but I always change my mind and spend the money elsewhere lol
 Nada: yeah, but it's like our only tool! so we need to invest in it
 Dima: yup, true !
 Dima: can I come in an hour to pick it up?
 Nada: yes :) ttyl!",51.35,25.0,37.84,80.47,4.510646820,4.693638802,4.731825829,3.603534937,0.842105
mBART-large,41,NO-ERROR,NO-ERROR,Jerry's arrival in 40 minutes and Janet's comment about her boss are both supported.,杰瑞40分钟后到家。,杰瑞40分钟后会到珍妮特家。珍妮特的老板有时很烦人。,"Jerry: Hi sweetie :)
 Janet: Hi sugar ;)
 Jerry: I'm coming home
 Janet: Can't wait ;)
 Jerry: I should be there in 40 minutes
 Janet: Ok, I'm waiting for you :)
 Jerry: How was your day?
 Janet: Oh, it was ok but my boss is a pain in the ass sometimes
 Jerry: I know, she can be a bitch :P
 Janet: Yes she can! ;)
 Jerry: See you later darling
 Janet: <3",50.0,22.22,50.0,79.7,2.813431740,4.221526146,3.956427336,3.054301500,2.600000
mBART-large,42,H-ENT|H-ROLE|OMIT,H-ENT|H-ROLE|OMIT,It identifies Mike rather than Dave as the baby's father and omits the confidentiality issue and the group's surprise.,娜塔莉怀了戴夫的孩子。简认为萨莉不应该告诉别人，因为娜塔莉是私下告诉他们的。亨利埃特和格雷格很惊讶，孩子的父亲居然是戴夫而不是迈克。,简和格雷格对娜塔莉的八卦很感兴趣。娜塔莉怀孕了。她的父亲是迈克。,"Sally: Hi guys have you heard about Natalie?
 Tom: No. What about her?
 Jane: You're such a gossip girl, Sally!
 Sally: Come on! I'm sure you're all curious.
 Tom: I am. 
 Sally: Relax Jane, what's your problem?!
 Jane: She told us in confidence, I don't think we should share it with others.
 Greg: Now I'm also curious
 Henriette: Tell us! 
 Henriette: Is she pregnant? 
 Sally: 💣💣💣
 Sally: Guess who's the father!!!
 Henriette: I knew it!
 Henriette: Is it Mike?
 Sally: Dave!!! 
 Henriette: WHAT????
 Greg: That's insane!",39.29,3.7,32.14,72.43,3.211578131,3.817365408,3.822794437,2.885041475,0.484848
mBART-large,43,H-ROLE,H-ROLE,It assigns the 11 p.m. return requirement to Daisy instead of Lisa.,丽莎还没回家，黛西想要她晚上11点前回来。,黛西想在晚上11点前回家。丽莎还没回家。,"Daisy: going home?
 Lisa: not yet
 Daisy: please be back before 11 pm
 Lisa: ok",69.57,57.14,34.78,88.73,3.695637226,4.392590523,4.478703022,3.992159605,0.952381
mBART-large,44,OMIT,OMIT,It accurately describes Cindy's refusal to explain her sadness but omits Ellie's unseen viral video.,辛迪很伤心，但不愿意说出原因。艾莉还没看那个疯传的搞笑视频。,"辛迪很伤心,因为发生了一些事,她不想谈论这件事。","Cindy: <file_gif>
 Ellie: Why are you so sad? Something’s happened?
 Cindy: I don’t want to talk about it…
 Ellie: Cheer up! Tomorrow’s another day 😊
 Cindy: <file_video>
 Cindy: Have you seen it? It’s viral on the internet
 Ellie: Nope, but it’s very funny 😊
 Ellie: <file_gif>",29.41,18.75,29.41,68.75,2.602841616,4.714126587,4.588734627,3.820412636,0.800000
mBART-large,45,H-MOD|H-EVT|OMIT,H-MOD|OMIT,It says Ben will visit Uncle Steve despite his explicit refusal and omits his alternative visit to Catherine and the children.,本不会和凯瑟琳一起去看望史蒂夫叔叔。他会去看望凯瑟琳和孩子们。,凯瑟琳和本要去拜访史蒂夫叔叔。本不喜欢这种方式。,"Catherine: We're going to visit uncle Steve, want to come with us?
 Ben: why would I?
 Catherine: He's family and we haven't seen him in a long time.
 Ben: you know very well that I'm not fond of such visits
 Ben: they stress me out
 Catherine: Come on, even you can do it from time to time.
 Ben: maybe I can but I don't want to
 Ben: it will end the same way as usual
 Ben: with me being pissed at everyone
 Catherine: The boys want to see you
 Ben: I can visit you and play with them some other day
 Ben: I don't have to drive to another city to do it
 Catherine: You know that he'll be disappointed?
 Ben: uncle Steve?
 Catherine: Yes.
 Ben: I don't think so, we don't have anything in common
 Ben: all he ever does is bothering me with stupid questions about my private life
 Catherine: Maybe that's his way of showing that he cares about you
 Ben: yes... sure... sometimes I wonder if you're thinking about what you type :P
 Catherine: Depends on the day
 Catherine: Today I'm tired so I can't guarantee it
 Ben: you should rest then
 Ben: instead of asking me to do stuff I don't like
 Catherine: Alright, don't worry, I'll stop
 Catherine: But still the part about the boys missing you was true
 Catherine: So come and visit them when you'll have the chance
 Ben: I will",46.67,21.43,33.33,77.54,3.080017805,4.333568573,4.068681717,2.759703875,0.774194
mBART-large,46,H-ROLE,H-ROLE,"It says Mum installed the dishwasher, while outside installers installed it for Steve.",史蒂夫很高兴他装了一台新的洗碗机。,妈妈给史蒂夫安装了一台洗碗机。,"Steve: hiya the dishwasher has turned up
 Mum: good did they install it for you
 Steve: yes they did a good job
 Steve: <file_photo>
 Mum: looks really nice
 Steve: yes it does its nice and quiet
 Mum: is it a 12 place setting one?
 Steve: I think so, not that I ever have 12 for dinner lol
 Mum: not but you dont have to put it on every day
 Steve: no every other
 Mum: yes I'm glad you are pleased with it xx
 Steve: I am thanks mum xxx",50.0,14.29,50.0,82.15,3.574496984,4.894916534,4.817512512,4.027081966,0.882353
mBART-large,47,H-EVT|H-ROLE|H-DISC|OMIT,H-EVT|H-ROLE|H-DISC|OMIT,"It invents a reservation and high rent, swaps who visited Lili's, and omits the cafe closure, unanswered contact, and changed atmosphere.",茱莉亚上周去了考文特花园附近的kohaku咖啡馆，但现在这家店关门了，这让她和亨利大吃一惊。她联系了店主，但还没收到回复。亨利和他的表妹最后去了莉莉家，但那里的气氛不一样。,"亨利想预定咖啡馆,但是咖啡馆的facebook页面不见了。朱莉娅和她的表妹去了ligly's,但那里的房租太贵了。亨利和朱莉娅去了ligly's。","Henry: Do you know what happened to cafe Kohaku?
 Julia: The one near Covent Garden?
 Henry: Yeah. I wanted to reserve a table, but I can't find them anywhere. Their Facebook page disappeared.
 Julia: I'm afraid they're closed :(
 Henry: For good?!
 Julia: Afraid so. I've been there last week and wanted to take my cousin there, but the place's empty
 Julia: Probably the rent was too high.
 Henry: Oh no, I loved that place
 Julia: Me too. I checked online for the owners and contacted them, but they haven't replied yet. I hope they will reopen somewhere else
 Henry: Unless they do it far away, the location was perfect. It was a real gem in this touristy district
 Julia: I know, I know... We went the Lilly's in the end, my cousin and I, but it's not the same
 Henry: Eh, that's a pity then, I was so looking forward to their brownie
 Henry: How was the Lilly's?
 Julia: It's all right, it's a different vibe though. I think you should go to the Japan Centre for the same
 Henry: Uhm, don't think so. It's always awfully crowded and there are more tourists than normal people like us",47.31,21.98,30.11,73.39,2.846050262,4.254462719,4.142080307,2.789233685,0.848837
mBART-large,48,NO-ERROR,NO-ERROR,The two-day Dublin trip this weekend is directly supported by the dialogue.,卡米拉和汤姆这个周末要去都柏林。,汤姆和卡米拉这周末要去都柏林两天。,"Tom: Have you ever been to Dublin?
 Camilla: Never in Ireland!
 Tom: So let's go there this weekend!
 Camilla: for 2 days?
 Tom: Yes, the weather forecast is great!
 Camilla: I love your crazy ideas!
 Tom: ok, so I'm buying the tickets
 Camilla: <3",82.35,40.0,58.82,93.44,3.273699284,4.643720627,4.561756134,2.690820217,1.062500
mBART-large,49,NO-ERROR,NO-ERROR,Jason's absence because of his dentist appointment is accurately summarized.,杰森今天约了牙医，所以他没来。,杰森今天没来。杰森预约了牙医。,"Megan: Any word from Jason?
 Nathan: Why do you ask?
 Megan: He was absent today :c
 Susy: He had a dental appointment.
 Megan: Thanks for the info :)",55.56,25.0,44.44,86.52,2.739577532,4.342212677,4.324183941,3.765655041,1.000000
mBART-large,50,H-CIRC|H-EVT,H-CIRC|H-EVT,It collapses several counts and accumulated hours into the unsupported claim that Jill works 35 to 40 hours every day.,到目前为止，吉尔做了20或30次，每天3-4次，35或40小时，所以和艾丽一样。,吉尔每天工作40到35个小时。,"Ally: how many did you do so far?
 Jill: like 20 or 30
 Jill: I can't do more than 3-4 per day
 Ally: how many hours?
 Jill: 40? maybe 35...
 Ally: ok, same here",35.29,0.0,23.53,73.17,2.673188210,3.937039614,4.017090321,2.180700541,0.375000
mBART-large,51,H-MOD|H-DISC|OMIT,H-MOD|H-DISC|OMIT,"It makes Amelia's attendance definite despite Mia's uncertainty, gives an unsupported reason for Mia joining, and omits the later visit to James's home.",詹姆斯和米娅明天想去看艺术展。詹姆斯想让阿米莉亚和他们一起去，但米娅不确定阿米莉亚去不去。之后詹姆斯和米娅会去他家。,"詹姆斯和艾米莉亚明天要去埃文斯教授的画展。米娅会和他们一起去,因为她不认识艾米莉亚。","James: Amelia said that one of our lecturers in philosophy had an art exhibition (!). It opens tomorrow! 
 James: I'm talking about this guy who taught us ethics.
 James: Amelia recommends it :D
 Mia: No way...! :D Professor Evans and art exhibition :D What has happened to this world?
 Mia: But you know what? I would actually like to see it! :D
 James: ME TOO, of course! :p Can Amelia go with us?
 Mia: To the exhibition or to the exhibition and to the cinema? You remember that we have plans for tomorrow...?
 James: both
 James: yes, I do
 Mia: ok
 James: Are you mad at me?
 James: Babe, the fact that I suggested that we might go out with Amelia doesn't mean that I don't value time that we spend together, just the two of us.
 Mia: I know, I said ok.
 James: Are you sure you're fine with this?
 Mia: Yup. :)
 Mia: I just don't know her very well, it's gonna be stressful for me.
 James: :) But you know me, don't you?
 Mia: Maybe I do :D
 James: Really, there's nothing to worry about. Amelia is quite laid-back and likable. ;)
 James: Afterwards we can go to my place and hang out, cuddle and so on... :*
 Mia: Sounds good :) :*
 James: So we're good, right?
 Mia: Right. ;)",44.07,21.05,37.29,82.07,3.728971481,4.175607204,4.164554596,3.152246237,0.724138
mBART-large,52,OMIT,OMIT,It captures the unavailable seminar material and Rita's follow-up but omits the Monday timing and her promise to notify everyone of changes.,彩英和亚瑟通知玛丽安娜，史蒂芬研讨会下一次要用的阅读资料周一在印刷店拿不到。丽塔决定明天去看看，如果情况有变，她会让所有人都知道的。,"史蒂芬研讨会的下一节稿子在打印店没有。亚瑟也去了,但稿子没有。丽塔明天早上会问是否有稿子。","Mariana: Hi, just a quick question. Do you know if the readings for the next session of Stephen’s seminar are in the print shop?
 Rita: No idea, sorry
 Chae-yeong: The only thing I know is that they were not yet there on Monday
 Arthur: Yer, I’ve made the mistake of going on Monday as well and I can confirm the texts were not there and the staff was as rude as always
 Mariana: Sounds familiar
 Rita: I’ll go tomorrow morning and let you know if the texts are available
 Rita: I can’t buy the copies for you because they never have enough at hand but I’ll just ask them to print more for later
 Chae-yeong: No worries
 Arthur: Yeah, just let us know if they’re ready, that’s a huge favour already
 Rita: Cool. Will do! xx",42.42,6.25,30.3,71.97,2.896371841,3.799474239,3.783066273,2.675683498,0.681818
mBART-large,53,OMIT,OMIT,"The speakers' shock is supported, but the summary omits the hospitalization, masked assailant, official report, cameras, and security concerns.",有人在校园里遭到殴打和抢劫，不得不住院治疗。袭击者戴着面具。官方声明会和新闻报道一起发出。杜鲁门和罗德尼都认为尽管周围有摄像头，但校园安保不达标。,罗德尼、特鲁曼和罗斯对在校园里被殴打和抢劫的人感到震惊。,"Rodney: Have you heard a guy got beaten and mugged on campus?
 Truman: Oh, man is he ok?
 Ross: Do they have any idea who did it?
 Rodney: They're gonna give an official statement about. There's also gonna be an article in the paper. As far as I know the assailant had a mask on.
 Truman: And what about the beaten guy?
 Rodney: He's in the hospital, but it seems like he'll be fine.
 Ross: You think it was a student?
 Rodney: Who knows what those jocks are capable of.
 Ross: They could do it just for fun.
 Truman: On the other hand its easy to get on campus without being detected
 Ross: There are cameras.
 Truman: If your masked it don't matter. You know how those security guards are
 Rodney: They don't give a fuck
 Ross: True that
 Truman: Hope they catch the guy soon",32.14,14.81,21.43,69.72,2.455954075,3.951545477,4.053385258,2.478203297,0.383562
mBART-large,54,OMIT,OMIT,"Judie's girlfriend's tattoo and its price are supported, but the summary omits Javier's decision to get tattooed in Colombia instead.",哈维尔最初很想在warsaw ink纹身，但价格太高了。他决定去哥伦比亚做纹身。,"朱迪的女朋友在那里纹身,她花了1000 美元。","Javier: Hey do you know any tattoo parlors over here with English speaking employees?
 Judie: Oh there's Warsaw ink
 Javier: the name sounds neat... have you had a tattoo done there?
 Judie: nope but my gf has
 Javier: got a pic?
 Judie: <file_photo>
 Javier: wow that looks amazing
 Javier: how much did she pay?
 Judie: it was a 1000
 Javier: fuck
 Javier: let me just get a tatttoo back in colombia then, thx",29.41,6.25,29.41,64.75,2.384113789,3.508370161,3.349790096,2.110542536,0.564103
mBART-large,55,H-ROLE|H-CIRC,H-ROLE|H-CIRC,"It puts both Zoe and Thomas in tropical weather and says both hiked, although only Zoe is in the tropics and Thomas walked near the mountain.",托马斯住的地方晚上的温度是零下3摄氏度。早晨有霜。佐伊在热带。托马斯星期天在贝尔钦峰附近散步。,佐伊和托马斯在热带天气。他们周日在贝尔琴山上散步。,"Zoey: Hello dear friends, here something to cheer you up on a cold day.
 Zoey: <file_gif>
 Thomas: LOL
 Thomas: Hi there in the tropics! How are you doing?
 Zoey: Staying healthy? Everything's ok?
 Thomas: We are fine, thanks. Everything here is ok. At night the temps fall to -3. Nice white ground frost in the morning.
 Thomas: <file_photo>
 Zoey: Looks so pretty! But we're happy to give these views a miss for a while :)
 Thomas: On Sunday we had a walk around the summit of Belchen - in icy wind but by brilliant sunshine. I think we even got some suntan!
 Thomas: <file_photo>
 Zoey: Gosh! That's pretty! You'll hear from us soon. Take care!
 Thomas: You too!",30.77,5.41,30.77,74.84,2.965687752,4.385091782,4.437417030,2.646065474,0.531915
mBART-large,56,NO-ERROR,NO-ERROR,The next ASEEES conference being held in San Francisco is accurately summarized.,詹姆斯通知说下一届aseees会议将在旧金山举行。克洛伊希望去夏威夷，詹姆斯认为不会去夏威夷举办会议，因为交通费用太高昂了。,下一次asEEEs会议将在旧金山召开。,"Emily: Does anybody now where the next ASEEES conference takes place?
 Chloe: Actually I have no idea, but a good question
 James: I've heard somewhere in California
 James: Yes, San Francisco!
 Chloe: not bad, but I really hoped for Hawaii 
 James: hahaha, oh yes, but it won't happen too soon
 Chloe: why do you think so?
 James: The last conference there in 1993 was criticised for the high costs of traveling to the place
 Chloes: I see, pity",30.77,21.62,30.77,76.57,2.940388918,3.828885555,3.855038881,2.696922064,0.306452
mBART-large,57,H-ENT|H-CIRC|H-MOD,H-ENT|H-CIRC|H-MOD,"It adds Will to the plan, assigns 30 minutes to everyone despite Greg already doing 60, and makes tentative intentions definite.",罗伯想开始每天做30分钟的体育运动。格雷格已经做了60分钟。安娜想像罗伯一样开始锻炼。,罗伯、格雷格、安娜和威尔要开始每天锻炼30分钟。,"Rob: I wanna start Get off the couch challenge! Who's with me? I'm gonna start with 30 min of activity every day.
 Greg: way ahead of you mate! at least 60 min a day!
 Rob: good for you! 30 min a day is gonna be challenging for me!
 Greg: good luck then!
 Will: don't be too hard on yourself. better to be realistic. fingers crossed!
 Anna: i'm in! 30 min sounds reasonable! 
 Greg: look for variety of exercises such as walking, biking, swimming whatever you enjoy!
 Anna: i'm gonna need lots of support from you guys!",58.82,25.0,35.29,77.89,3.256330967,4.418717384,4.331779480,2.715902805,0.558140
mBART-large,58,OMIT,OMIT,"Walker bringing his Xbox is supported, but the all-night gaming plan and Booker's role are omitted.",沃克和布克计划整晚玩游戏。沃克会把布克想要的xbox游戏机带来。,沃克会带着他的xbox游戏机。,"Booker: dont forget to carry your Xbox console
 Walker: i thought you dont like the console
 Walker: the grip is amazing
 Booker: haha, yeah it is
 Walker: okay then, ill come with one
 Booker: gaming all night is the plan
 Walker: yaas",36.36,20.0,36.36,78.98,2.714628220,4.625736713,4.276009560,3.141341209,0.468750
mBART-large,59,H-EVT|H-CIRC|LANG,H-EVT|H-CIRC,"It changes waiting at one Luxembourg airport into landing at every airport there, producing a nonsensical claim.",马里奥正在卢森堡的机场候机。,马利奥今天在卢森堡的每一个机场都降落了。,"Mario: I’ve landed in every airport in Europe today - completely whacked out dude.
 Klara: Where are you now?
 Mario: Waiting in Luxembourg now.
 Eddie: Have fun dude.
 Moe: Only because you love flying so much 😉
 Mario: weather was good for flying everywhere 🙂 Otherwise it would have been trains everywhere 🙂
 Moe: Mario be safe bro
 Mario: You too bro 🙂",33.33,12.5,33.33,81.67,2.197971821,4.298929214,3.795027256,2.145961761,1.428571
mBART-large,60,NO-ERROR,NO-ERROR,"Although John was initially uncertain, Matt confirms that training occurs today.",约翰不确定今天是否有训练，但马特说有。,马特和约翰今天要练习。,"John: do we have practice today?
 Matt: yea think so
 John: great thanks see ya there
 Matt: see ya",33.33,0.0,22.22,75.14,2.549853325,4.173051834,3.750306129,2.355290890,0.578947
mBART-large,61,OMIT,OMIT,"The milk purchase is correct, but the condition that Martin will do it after completing the plan is omitted.",马丁完成计划后将给亚历克斯买两瓶牛奶。,马丁会给亚历克斯买两瓶牛奶。,"Alex: Hon, could you buy some milk?
 Martin: You kiddin me, I just bought two yesterday
 Alex: Well, I have nothing for my defense, I'm just craving milk lately:D
 Martin: You're lucky that I love you, two milks coming up in couple of hours, I gotta finish the project
 Alex: You are my hero!",70.59,53.33,70.59,90.57,3.940398216,4.769084454,4.676498413,3.893949270,0.736842
mBART-large,62,H-CIRC|LANG|OMIT,H-CIRC|LANG|OMIT,"It changes Nona Rita restaurant into a person's home, repeats the sentence, and omits the wedding planner and restaurant details.",布莱尔和恰克下班后要去诺娜·丽塔餐厅见婚礼策划人。诺娜·丽塔餐厅供应的意大利面条非常好。,布莱尔和恰克将在诺娜丽塔家见面。布莱尔和恰克将在诺娜丽塔家见面。,"Blair: Remember we are seeing the wedding planner after work
 Chuck: Sure, where are we meeting her?
 Blair: At Nonna Rita's
 Chuck: Can I order their seafood tagliatelle or are we just having coffee with her? I've been dreaming about it since we went there last month
 Blair: Haha sure why not
 Chuck: Well we both remmber the spaghetti pomodoro disaster from our last meeting with Diane
 Blair: Omg hahaha it was all over her white blouse
 Chuck: :D
 Blair: :P",20.51,10.81,20.51,72.76,2.760774851,4.092441082,3.909172297,2.997677326,0.727273
mBART-large,63,H-ENT|H-DISC|OMIT,OMIT,It introduces roommates and omits the key contrast that Cole and Louis are texting while in the same room.,科尔和路易斯坐在同一个房间里，却在发短信。,路易斯和科尔的室友在同一个房间。,"Cole: hey roomie XD XD
 Luis: dude we are in the SAME DAMN ROOM
 Cole: its funny XD
 Luis: -_-
 Cole: pass me my pillow xD
 Luis: not until you say it to my face
 Cole: dude cmon 
 Luis: ...
 Cole: oh youre not gonna talk to your roommate now
 Luis: im not gonna text an idiot whos practically sitting just a few inches from me -_-
 Cole: xD",63.16,11.76,31.58,83.43,3.182681084,4.907648087,4.854497910,3.290165663,0.761905
mBART-large,64,H-EVT|H-DISC|OMIT,H-EVT|H-DISC|OMIT,It replaces Chelsea's win and Higuain's goals with unrelated claims and omits Damian's hope that the match is a turning point.,切尔西今天下午赢了哈德斯菲尔德的一场比赛。伊瓜因两度得分。达米安很高兴，他希望这将是切尔西的转折点。,"雅各布没有看切尔西的比赛,梅森整个下午都在忙着。达米安和雅各布认为哈德斯菲尔德是个好主意。","Damian: guys did u watch Chelsea game
 Jacob: no
 Mason: nah, i was busy all afternoon
 Damian: Higuain scored twice! so happy for him
 Damian: I know it was just Huddersfield, but finally something positive happened
 Jacob: having a striker makes a difference
 Damian: yup
 Mason: but cmon huddersfield is abysmal
 Damian: don't be like that, im happy for the team, maybe this will be a turning point
 Jacob: no, I don't think so
 Mason: ha good luck with that",34.62,16.0,26.92,71.16,2.282214642,3.954923630,3.984241962,2.126834869,0.900000
mBART-large,65,H-CIRC|LANG|OMIT,H-CIRC|LANG|OMIT,"It puts Barry at Kaiser's although he is at home, leaves the 39-price statement malformed, and omits the scarf and cost-sharing decision.",玛伦半小时后就要去镇上了。她将给丽塔买一件礼物——凯泽的带黄色花纹的丝巾。它的售价为39，巴利和玛伦一人出一半钱。,玛琳半小时后要去城里。巴里在凯撒店。他想给丽塔买个礼物。玛琳想买39美元的。,"Marleen: Hello my dear, I'll be leaving in half an hour to go to town. If you have any idea for a present for Rita let me know.
 Marleen: Text me here with your ideas for a present for her.
 Barry: But I've got none! I leave the choice entirely to you.
 Barry: I'm at home now.
 Marleen: Am at Kaiser's. Lovely silk kerchiefs. What do you think?
 Barry: One can't have too many!
 Marleen: But isn't it a bit too personal?
 Barry: Not at all.
 Marleen: <file_photo>
 Marleen: Which?
 Barry: The one with yellow pattern, definitely. She loves yellow.
 Marleen: The most expensive of the five.
 Barry: How much?
 Marleen: 39
 Barry: Oh come on. Not so bad.
 Marleen: Shall we go 50/50?
 Barry: OK",34.48,3.57,24.14,75.38,4.487338066,4.497824669,4.614661694,3.546007872,0.666667
mBART-large,66,NO-ERROR,NO-ERROR,Brooke asking Gail to come over because of what happened yesterday is adequately summarized.,布鲁克要盖尔过来看看昨天发生了什么。,"布鲁克建议吉尔去看望她,因为昨天发生了什么事。","Brook: something happened yesterday, you need to come and see
 Gyle: is it bad?
 Brook: you better come home
 Gyle: On my way",47.62,31.58,47.62,82.72,3.188301563,3.657093525,3.669638872,2.797043085,1.277778
mBART-large,67,OMIT,OMIT,"Their satisfaction is supported, but Milena, the presentation outcome, and the three attendees are omitted.",凯特、米丽娜和里贾娜的演讲进行得很顺利，三个人来听他们的演讲。,凯特和雷吉娜对他们的报告很满意。,"Milena: How was the presentation?
 Kate: very good
 Regina: yes, we had a good feedback
 Milena: how many people came to listen to you?
 Regina: 3 but we new it will be very cosy, friendly thing
 Milena: sometimes a small but interested audience is better than random bored people
 Kate: exactly",35.71,7.69,28.57,76.46,2.546696663,4.111133099,4.271630287,2.153137684,0.516129
mBART-large,68,H-ENT|H-EVT,H-ENT|H-EVT,It mistakes TOTW for a tote and changes Jack receiving it into wanting to buy one.,杰克今年拿到了第一个totw ，汤姆的团队并不出色。,杰克想买一个托特。,"Jake: dude, I just pulled a TOTW
 Jake: my first this year!
 Tom: grats!
 Tom: gonna sell it?
 Jake: yeah
 Jake: I'll try him in one or two matches
 Jake: he's not a good fit for my squads
 Tom: you'll have plenty of coins to buy someone that fits
 Jake: that's the plan
 Jake: I got lucky with this one
 Tom: my pull luck sucks this year
 Tom: not a single great player 
 Jake: you're good at the game
 Jake: you don't need help :P
 Tom: I like shiny things :P",11.11,0.0,11.11,66.2,1.533985853,3.927680969,4.025628090,1.684123278,0.360000
mBART-large,69,H-ROLE|LANG,H-ROLE|H-CIRC,It wrongly attributes liking Thomas the Tank Engine to Cass rather than Jordan and awkwardly treats the card design as an engine she selected.,凯斯送给外孙乔丹20英镑和一张生日卡，作为他11岁生日的礼物。,乔丹收到了卡斯的生日卡和钱。卡斯特别挑选了托马斯的坦克发动机。乔丹11岁了。卡斯喜欢托马斯。,"Cass: Hi darling, did you get your birthday card and money on time?
 Jordan: hello Nanna! Thanks for the £20. Sorry I didn't ring you before.
 Cass: you still like Thomas the Tank engine don't you? I picked it specially.
 Jordan: Yes, Nanna. I will always love him! Next time, get me a football one or something. I mean, I'm 11 now!
 Cass: I know, you are so grown up. Love you xxxxx
 Jordan: Love you, Nan xx",32.56,4.88,23.26,68.42,3.586135149,4.073834419,4.177430630,3.080283403,1.483871
mBART-large,70,H-ROLE|H-EVT,H-ROLE|H-EVT,"It says Mickey visited Palermo and Jessica liked the place, although Jessica visited it, Mickey only notes it down, and she calls it frightening.",对杰西卡来说，最恐怖的地方是巴勒莫的僧帽猴地下墓穴。,杰西卡和米基去过意大利的帕勒莫。帕勒莫有8千具尸首。杰西卡和奥利都很喜欢这个地方。,"Kelly: Oh! Oh! Can I pick the first question?
 Jessica: Sure. Go for it!
 Kelly: What's the scariest place you've been to!
 Jessica: I'll start: Palermo in Italy.
 Mickey: And what's so scary about that? Did you break your nail? :P
 Jessica: Shut it, Mickey! No, there are the Capuchin Catacombs with 8000 corpses! 
 Kelly: Ewwww! Corpses? Rly?
 Jessica: Yeah! And you can look at them like museum exhibits. I think they're divided somehow, but have no clue how!
 Ollie: That's so cool! Do you get to see the bones or are they covered up?
 Jessica: Well, partly. Most of them were exhibited in their clothes. Basically only skulls and hands. 
 Mickey: I'm writing this one down! That's so precious!
 Ollie: Me too!",21.05,0.0,15.79,67.31,2.545757771,4.014840603,3.647239923,2.627220154,1.576923
mBART-large,71,OMIT,OMIT,"Sending the video is supported, but the summary omits Simon and Charlie's approval of the policy discussed in it.",西蒙和查理钦佩波兰的反移民政策和捍卫自身价值观和利益的方式。,西蒙给查理发了一张关于欧盟政策的视频。,"Simon: <file_photo>
 Simon: It's funny and scary at the same time.
 Simon: BTW it's so annoying that people can't see that such immigration policy reduces safety level for citizens of EU significantly
 Charlie: This photo is great. It totally shows what do we all mean when we criticize EU policy. 
 Charlie: Berlin has put concrete blocks around Christmas fair, Belgium has soldiers running armed around cities and Paris has mass demonstrations and car arsons happening all over the city.
 Charlie: Poland though...
 Charlie: One of the last countries unspoilt by uncontrolled migration and terrorism
 Charlie: The question is - for how long...
 Simon: I always say that there is advantage of the polish situation
 Simon: I mean being economically delayed for few decades
 Simon: Poland has a chance to develop in fast pace and at the same time has a position to avoid all the mistakes other western powers made.
 Simon: The worst thing is that the country is being ostracized by defending it's values and interests. 
 Charlie: Yup. And as long as there are people in Poland ready to defend that values, the country will be marginalized by every other nation.
 Simon: I admire Poles.
 Simon: I admire them for they will to fight.
 Simon: They never give up.
 Charlie: Different countries tried to eliminate them from the map.
 Simon: I tell you, there will be time, when only Poland will have power to fight with internal problems of Europe.
 Charlie: Maybe. But there is a risk that internal conflict will rip the country apart.
 Simon: Let's hope not.
 Charlie: Yup. To conclude: Christmas in Poland will be the best Christmas in Europe :D
 Simon: I agree :)",23.08,0.0,23.08,68.71,1.794031858,4.152961731,4.541301727,1.654495716,0.633333
mBART-large,72,H-DISC,H-DISC,It changes the group's mockery of the idea that premarital sex is sinful into their sincerely believing that it is sinful.,艾德、瓦莱丽、里斯、罗、艾妮、杰西卡、马特都在嘲笑没有婚姻的性爱的罪恶。,爱德、瓦莱丽、克里斯、洛尔、杰西卡和马特都认为性爱是罪恶的。,"Ed: Sinners!! Sex is for married people
 Valerie: double sin if it’s anything but missionary style!
 Chris: Then you go get married & leave us all alone
 Lor: You better hope all non sin living is worth it or your consciousness after death is going to be butt hurt for eternity lol
 Atnee: Ed, take it easy
 Jessica: And the only purpose for sex is to make babies! !! That's it, hahaha 😂
 Atnee: Lol
 Ed: Valerie , triple sin if you enjoy it!
 Jessica: And only for procreation. :-))) And not to be enjoyed. :-)))
 Matt: Ed, Ok. See you in hell !! 😂
 Ed: Matt , No you won’t. I don’t even look on the direction of another man",56.41,21.62,51.28,86.28,3.942227364,4.900909424,4.810877323,3.719172716,0.833333
mBART-large,73,NO-ERROR,NO-ERROR,Mike being in London is accurately summarized.,迈克在伦敦。,迈克在伦敦。,"Jake: Maaaan! you in london?!
 Mike: <file_photo>
 Mike: yeah mate! dreams coming true!
 Jake: cool! congrats!",100.0,100.0,100.0,100.0,2.243733168,4.709795952,4.702806473,4.001251221,1.000000
mBART-large,74,LANG|OMIT,H-EVT|OMIT,The vague phrase about liking a shot does not clearly express the football play and omits Jose's trust in the player.,里奇和克莱看了一场非常精彩的足球比赛，一个足球运动员把球铲回自己的脚边，特别刺激。何塞信任那个球员。,里奇、克莱和荷西喜欢他的投篮。,"Richie: Pogba
 Clay: Pogboom
 Richie: what a s strike yoh!
 Clay: was off the seat the moment he chopped the ball back to his right foot
 Richie: me too dude
 Clay: hope his form lasts
 Richie: This season he's more mature
 Clay: Yeah, Jose has his trust in him
 Richie: everyone does
 Clay: yeah, he really deserved to score after his first 60 minutes
 Richie: reward
 Clay: yeah man
 Richie: cool then 
 Clay: cool",26.32,0.0,15.79,67.24,2.176739693,3.750745058,3.696864367,2.073246956,0.300000
mBART-large,75,H-ENT|H-DISC|LANG,H-ENT|H-DISC|LANG,"It collapses Alexa into Alec, reports the link as finally invalid although it was fixed, and repeats malformed claims about the performer.",亚历克看到美国的达人秀，他发了个链接给亚莉克莎。,"亚历克给亚历克发了一个链接,链接无效。亚历克和亚历克喜欢这个链接。亚历克认为亚历克最优秀的女孩。亚历克认为亚历克最优秀的女孩之一。亚历克认为亚历克最优秀的女孩之一。","Alec: Have you seen the last America's got talent?
 Alexa: No. 
 Alexa: Interesting? 
 Alec: <file_other>
 Alexa: The link doesn't work. 
 Alec: Give me a sec.
 Alec: <file _other>
 Alexa: Now it's working!
 Alec: good, watch it, u'll like it
 Alexa: you're right, I like it :)
 Alexa: The girl is amazing!
 Alec: :)
 Alexa: I wish I have had half her skills when I was her age! 
 Alec: She's very good, that's true. 
 Alec: I even thik she might win the edition.
 Alexa: Did you see all candidates?
 Alec: yes
 Alec: And there're a few good, but I personally think she's the best!
 Alexa: I'd be glad if she wins :)",18.18,0.0,10.91,69.1,2.193553925,3.756664515,3.822129011,2.768798351,3.416667
mBART-large,76,NO-ERROR,NO-ERROR,James missing the match because he must work is accurately summarized.,詹姆斯要去上班，所以他不看比赛。,"詹姆斯不看比赛,他要去上班。","Hannah: Are you watching the game?
 James: No I am head to work : ( 
 Hannah: Oh okay",77.78,25.0,44.44,91.4,3.218409538,4.230197906,4.270790100,3.828376055,0.875000
mBART-large,77,NO-ERROR,NO-ERROR,Ziegler bringing the passport tomorrow is accurately summarized; omitting the reminder does not distort the core event.,在多尔夫的提醒下，齐格勒明天会把护照带来。,齐格勒明天会把护照带来。,"Dolph: hey
 Dolph: remember to bring your passport tomorrow
 Ziggler: Cool, i will",63.16,58.82,63.16,87.92,2.599799633,4.787108421,4.611127853,3.455565691,0.571429
mBART-large,78,H-ROLE,H-ROLE,"It says William will buy the tomatoes and chocolate for Olivia and Beth, reversing who buys the items for whom.",威廉在做意大利面，奥莉维亚会给威廉买新鲜的西红柿，贝丝会买巧克力。,威廉正在做意大利面。他会给奥利维亚和贝丝买些新鲜的西红柿和巧克力。,"William: hey im making spaghetti
 William: could you please buy some fresh tomatoes
 William: pretty please :)
 Olivia: no problem dear :)
 William: and Beth? it wouldn't hurt to have some chocolate for after the dinner :D
 Beth: I'm on it :D",55.56,29.41,55.56,88.48,4.091276646,4.753177166,4.785683155,4.250635147,1.000000
mBART-large,79,H-EVT|OMIT,H-EVT|OMIT,It replaces Tina learning Demi's dating approach with unsupported claims about looking for Patrick and organizing a workshop.,蒂娜必须学习黛米的方法，即如何从讨厌男人转变成和他们约会。,蒂娜正在寻找帕特里克。蒂娜和黛米正在组织研讨会。,"Tina: Hey, Facebook is constantly non stop suggesting Patrick
 Demi: Hahahahaha 
 Tina: I think I have to catch a bit of your approach
 Demi: He's a god. What do you mean...?
 Tina: I have to learn how to transfer from hating men to fucking them haha
 Demi: (Y)
 Tina: as soon as possible
 Demi: Haha! Yeah. I did it, you're right. But i worked on it hard after a huge heartbreak
 Tina: <file_gif>
 Demi: (Y) currently i like men. you have to be chilled with them ;)
 Tina: <file_gif>
 Demi: :D maybe its a mistake... i dont know. Lets organize workshops on that :D
 Tina: I only like one type :D yes plz do it haha
 Demi: Done! but maybe you should chill a bit, look around for ather types ...and see what happens
 Tina: I only dont what my mood depend so much on other people
 Demi: I know! I know it well!
 Tina: this renting case is eating me
 Demi: you have to isolate one bit inside that will be always independent
 Tina: we have to meet, crazy girl!
 Demi: for sure. if youre homeless i will take under my roof
 Tina: between the guyshaha
 Demi: we ll find something
 Tina: <3",29.63,0.0,22.22,65.15,2.318817139,3.476049423,3.432798624,2.175794125,0.827586
mBART-large,80,NO-ERROR,,Evan's effort to get Ethan to attend is accurately summarized.,埃文会让伊森来的。,埃文和伊森讨论了这次活动。埃文会设法让伊森来。,"Allison: You talked to Ethan about the function? 
 Evan: Yeah I did
 Allison: What did he say?
 Evan: He might not come
 Allison: Can you do something about that?
 Evan: I will try to make him come
 Allison: K",44.44,25.0,44.44,78.53,2.127457619,3.602778912,3.567717314,2.423031330,2.555556
mBART-large,81,H-ENT|H-ROLE,,It changes StarCraft into Star Wars and attributes Bart's no-games-at-school decision to Adrian's advice.,巴特这学期成绩不好，因为他学习不多。他花很多时间玩星际争霸。阿德里安考得好是因为上课专心听讲。,巴特的经济学期末考得不好。阿德里安认为巴特没有学习得好。巴特开始玩《星球大战》游戏。阿德里安建议巴特不要在学校的时候玩游戏。,"Adrian: Did you get your grades yet?
 Bart: Yeah. My whole semester is screwed up now.
 Adrian: Wait whaaat? Why?
 Bart: Well, I bombed my economy final and ended up with a bad score..
 Adrian: Ouch. That must hurt :/ 
 Bart: Well, it's my fault because I didn't study as much as I should have.
 Adrian: Why don't you re-take the class next year?
 Bart: That's what I plan on doing unless I keep screwing up. How did you do this semester?
 Adrian: I didn't do that bad. I ended up with a reasonable grade.
 Bart: Well someone did his homework :p
 Adrian: I just pay attention during class, I don't study that much actually.
 Bart: Classes are boring, can't pay attention for too long...
 Adrian: Anyway, why didn't you study for the economy final? 
 Bart: Let's just say I screwed up more than my econ class.
 Adrian: What happened?
 Bart: I started playing StarCraft and ended up wasting a lot of time.
 Adrian: Oooohh I know that game but you better stop slacking off.
 Bart: You're right. I'm not going to play games during school anymore.
 Adrian: You can play them, just don't loose focus and study for the exams :p
 Bart: Let's see how it goes xD",32.14,7.41,28.57,72.06,2.802463531,3.720460653,3.710463524,2.609827995,1.319149
mBART-large,82,OMIT,,"Sean's turtle spirit animal is correct, but Tiffany's possible wasp spirit animal is omitted.",肖恩相信他的灵兽是乌龟，而蒂芙尼可能是黄蜂。,肖恩的灵性动物是一只海龟。,"Sean: After much thought I’ve decided that my spirit animal is a tortoise. Apparently everyone has one now, I only found out about this recently. Tbh I felt lost, like who even am I? After many days of thinking about I finally decided that I am in fact a tortoise.
 Tiffany: That would explain a lot.
 Sean: You would be a wasp.
 Tiffany: Are you sure you're a turtle? Maybe you're just haunted.",31.58,0.0,31.58,73.53,2.328404903,4.540317059,4.247872353,2.422806501,0.590909
mBART-large,83,H-EVT|H-ROLE|H-CIRC,,"It says Kate and George will visit the store tomorrow, although Kate is already there alone and the fruit is for school tomorrow.",凯特正在给她和乔治买苹果。他们得等到下周才能买到橘子。,凯特和乔治明天要去杂货店给学校买些水果。,"Kate: I'm at the grocery store. Do you like some fruits for school tomorrow?
 George: Oh yes please, an apple would be great
 Kate: Okay, I'm getting me one too
 George: Do they have tangerines yet?
 Kate: No the're coming next week, I asked already:D
 George: Okat then we have to wait",34.48,7.41,27.59,74.39,2.769015312,3.951177835,4.039527893,2.271577597,0.740741
mBART-large,84,H-ROLE,,"It reverses the final call: Julia is to call Ronald after she returns, not Ronald after he returns.",茱莉亚回来后会给罗纳德打电话，他有事要告诉她。,"朱莉娅和罗纳德周末过得很开心。朱莉娅的父母在争吵,朱莉娅不想再和他们一起吃饭了。罗纳德回来后会给朱莉娅打电话。","Ronald: How's your weekend?
 Julia: Fine I guess...
 Ronald: Doesn't sound like you're enjoying it
 Julia: Ehh. My parents are having a fight over where should we eat
 Julia: And honestly I don't event want to eat with them anymore
 Ronald: I'm sorry
 Julia: Yup. Me too.
 Ronald: Call me when you get back.
 Ronald: I've got something to tell you, and I'm sure you're gonna piss rainbows
 Julia: Hahaha. I can see the giraffe from Skittles comercial :D
 Ronald: Sth like that",26.67,9.3,17.78,75.72,3.100507021,3.971739769,3.969530344,3.234966040,2.391304
mBART-large,85,H-EVT|OMIT,,It invents Matthew needing Lisa's help and omits his plan to drink orange juice and sleep.,马修感冒了，他要喝些橙汁，然后去睡觉。,"马修得了感冒,需要丽莎的帮助。","Matthew: I have a cold. Need y'all support. It's painful
 Lisa: Fight it. Drink orange juice. Make some soup
 Matthew: I'll try
 Lisa: I believe in u 
 Matthew: Thank u. Apparently it's an allergy mixed up with virus
 Lisa: Ahh it sucks. 
 Lisa: Take a rest from evrthg.  
 Matthew: Ikr. Hitting the hay now
 Lisa: Good night 'Thew!",38.1,0.0,28.57,72.01,2.484787464,4.749099731,4.511806011,2.841388226,0.789474
mBART-large,86,H-ENT|H-EVT|LANG|OMIT,,"It garbles the book and author, misstates who read or liked it, and omits the language concern and the actual negative review.",乔茜觉得艾柯的小说《福柯的钟摆》书呆子气。乔茜很想读意大利的艾柯，但她对自己的语言能力没有把握。斯特凡诺认为艾柯的两部小说很难。乔茜读过萨勒曼拉什迪对《福柯的钟摆》的一个负面评论。,"斯蒂芬诺和乔西在讨论福考特的《小摆子》。斯蒂芬诺喜欢福考特的小摆子。乔西读了萨尔曼·拉希迪的《小摆子》,萨尔曼·拉希迪在80年代评论了小摆子。","Stefano: Hi, Josie!
 Josie: Ciao, Stefano!
 Stefano: So, what about Foucault's Pendulum? Do you like it?
 Josie: It's... weird. Was it really written by an Italian guy? It's so... nerdy.
 Stefano: Oh well, in a sense Eco was the king of nerds. And, you know, not all Italian books are about pizza, mafia and mandolino. :P
 Josie: Yes, I know... I should try and read one of his novels in the original, but I'm not sure my level of Italian is adequate.
 Stefano: The Name of the Rose is really difficult for a foreign speaker of Italian, you know.
 Josie: And what about Foucault's Pendulum?
 Stefano: Well, it's set in the 1980s, so the language is definitely more comprehensible. The content, however, is just as complicated as in the other novel.
 Josie: Btw, I read Salman Rushdie's review of Pendulum, published in the 80s.
 Stefano: Really? What did he say?
 Josie: He hated it and said that it's not a novel, but rather a computer game.
 Stefano: What? Rotfl!
 Josie: That's what Salman said...
 Stefano: Oh well, de gustipus non est disputandum...
 Josie: De gustiBus!
 Stefano: I know, it was a typo!
 Josie: Disgusting pus!
 Stefano: Hahaha.
 Josie: Yuk! That's so creepy.
 Stefano: You're the one who said it!
 Josie: I know. ;)",22.68,0.0,22.68,71.31,2.627756119,3.512614250,3.609629869,2.531075954,0.788889
mBART-large,87,H-EVT|H-DISC,,It changes waiting half an hour before leaving because of rain into meeting each other in half an hour.,下雨了，所以瓦尔和坎迪要等半小时才走。,正在下雨。瓦尔和坎迪半小时后见面。,"Val: it's raining!
 Candy: I know, just started...
 Val: r we going? we will be wet
 Candy: maybe wait a little? see if stops
 Val: ok. let's wait half h and than see
 Candy: god idea, I call u then
 Val: great :)",50.0,11.11,50.0,80.52,3.080778122,3.954284430,3.857197285,2.814745426,0.894737
mBART-large,88,H-MOD,,It contradicts Thomas's financial distress by saying his bank account has no problem and turns Sierra's offer to lend into a definite future loan.,托马斯、谢拉和杰里米仍然没有收到赠款。托马斯破产了，每小时都要查看他的银行账户。塞拉提出借钱给他。,"托马斯没有拿到补助金。塞拉没有,杰里米也没有。托马斯的银行账户上没问题。塞拉会借给托马斯一些钱。","Tomas: Has anybody received the grant yet?
 Sierra: no, not yet
 Jeremy: I haven't checked even
 Tomas: I'm completely broke
 Tomas: checking my bank account every hour
 Tomas: but nothing's happening there
 Sierra: lol
 Sierra: be patient. If you need money I can lend you some, don't worry
 Tomas: Thanks, I hope they'll arrive any minute",43.64,15.09,40.0,77.37,3.330045700,4.012721062,3.949451447,2.798081160,0.979592
mBART-large,89,H-ROLE,,"It repeatedly assigns Charles's market trip, food preferences, homemade wine, and hangover to Camilla or to both speakers.",卡米拉周六有一些差事要办。查尔斯本周末将访问德国市场。他们正在谈论圣诞食品和饮料。,"查尔斯和卡米拉这周末要去拜访伯明翰和曼彻斯特的德国市场。卡米拉喜欢香肠和啤酒。查尔斯和卡米拉去年在圣诞节做了香肠,但没人喝了。卡米拉宿醉了。","Charles: What are you up to this weekend?
 Camilla: Not much. Just some work and errands on Saturday, show Saturday night. Day of nothingness on Sundy.
 Charles: Sounds good. We are going to visit the German markets this weekend. Birmingham and Manchester both. Sausage overload!
 Camilla: Ooh, that sounds really good!
 Charles: Allegedly there are Christmas things going on but I just go for the sausage and beer!
 Camilla: What a shocker.
 Charles: I know!
 Camilla: I'll have to try to get there this year. I've not been for ages.
 Charles: Oh, yeah, they are good. Try the mulled wine too. That's nice.
 Camilla: Never had it. Is it served hot?
 Charles: Yes, exactly. And lots of spices. Usually a red but sometimes they offer a mulled white.
 Camilla: I'm good with red.
 Charles: Inspired us to make our own at Christmas last year, but nobody else drank it.
 Camilla: Bummer!
 Charles: More for me! But oh the hangover.
 Camilla: LOL!
 Charles: Anyway, that's the plan. Hope you have fun.
 Camilla: You too! 
 Charles: Thanks!",29.03,10.0,19.35,73.44,3.111618519,4.040555954,3.875345945,2.771245956,1.707317
mBART-large,90,H-ROLE|H-ENT|LANG,,It changes Diana and Russell jointly buying a gift for their mother into Russell giving an unclear gift to Diana and a duplicate Diana.,戴安娜和拉塞尔在给妈妈买礼物。,拉斯塞尔给戴安娜和戴安娜买了一个礼物。,"Russel: <file_other>
 Russel: look at this
 Russel: It's a perfect present fo mum :D
 Diana: haha, so true! It's not that expensive either!
 Diana: are we buying it?
 Russel: yeah, let's do it :D",55.56,12.5,44.44,81.33,4.016213894,4.843590260,4.809972763,4.000717163,1.266667
mBART-large,91,OMIT,,"Jane's request and Ainsley's illness are supported, but the key outcome that Ainsley cannot help now is omitted.",安斯利病了，所以她现在不能帮简写论文。,"简想让英斯利帮她写论文。英斯利感冒了,每隔两秒就喷嚏。","Jane: Are u free now? Could u help me with that thesis?
 Ainsley: I'm sick won't be of much help sorry. I've got a cold and I'm sneezing like a little bitch every 2 seconds
 Jane: Oh... hmm ok. Hope u will get better soon...",29.63,8.0,14.81,70.5,2.860311031,4.282404423,4.031963348,2.998952389,1.421053
mBART-large,92,H-EVT|H-MOD,,"It falsely presents Fiona and Conrad as already being together and having spent too long together, rather than Fiona privately wanting to be near him.",菲奥娜爱上了他的学生康拉德。,"菲奥娜和康拉德在一起。康拉德是菲奥娜的学生。菲奥娜和康拉德在一起的时间太长了。菲奥娜想和康拉德在一起,但康拉德比她年轻5岁。","Fiona: I just can’t stand it
 Wanda: What again
 Fiona: When I’m in one room with him… I just go crazy
 Wanda: Conrad?
 Fiona: Yesss, he’s absolutely lovely!!
 Wanda: IT IS YOUR STUDENT
 Fiona: So what? I mean sure, I know it’s… inappropriate xd but still, he’s only 5 years younger than me
 Wanda: It’s so fucked up, I knew you are crazy before but it’s too much
 Fiona: I knoooow when I come back home after the class I can’t do anything for like an hour or two, I just listen to the music
 Wanda: You’re literally in love with him
 Fiona: I mean I don’t expect anything, we’re from different worlds but… Yes, I just want to be around him. All the time xd
 Wanda: So you need to do something about it
 Fiona: Are you crazy, I can’t!!
 Wanda: Why not
 Fiona: What would my boss say if she knew
 Wanda: Will she know?
 Fiona: How can I know what will he do, he can tell his mother as well
 Wanda: Just go for it!!",22.22,4.65,17.78,74.76,3.050479174,4.168381691,4.024073601,3.240292311,4.428571
mBART-large,93,H-ENT|H-CIRC|H-MOD,,"It duplicates Margaret as another participant, invents a meeting on the 14th, and turns uncertain scheduling into definite dates and times.",玛格丽特和埃文斯计划在4日10点和11日11点会面。他们两人都不确定下一次见面的时间，所以他们会在晚些时候定一下约会的日期。,"玛格丽特、伊万斯和玛格丽特将在12月4日和11日10点或11点左右见面。如果玛格丽特不在,他们会在14日10点见面。","Margaret: Hi, in December I'd like to meet on 4th and 11th around 10:00 or 11:00. 
 Evans: Hi, 4th - we can meet at 10:00.
 Evans: And 11th - at 11:00. 
 Margaret: Okey. And what about 18th?
 Evans: I'm not sure about 18th. 
 Evans: I might not be in town. 
 Margaret: Okey, so we'll see. 
 Evans: Yes. And I'll let you know next week. 
 Margaret: If it's not 18th, maybe we could meet on 17th?
 Evans: If I go away, I won't also be 17th.
 Margaret: Okey, I get it. 
 Evans: But we could meet 14th, if you like?
 Margaret: Hm, I'm not sure whether I'm avaliable. 
 Evans: So let's set these dates later, ok?
 Margaret: Okey and we see each other 4th 10:00. 
 Evans: Yes!",52.05,25.35,43.84,77.17,2.710970163,3.836388588,3.702922344,2.460791588,0.935484
mBART-large,94,OMIT,,"The photo being sent is supported, but Archie's opinion about Melanie's curls and Louis's disagreement are omitted.",通过看照片，阿尔奇认为梅兰妮卷发更好看，路易斯不同意。,路易斯给阿奇发了一张梅兰妮的照片。,"Louis: <file_gif>
 Archie: Wtf? Lol!
 Louis: <file_gif>
 Archie: That one looks like Melanie
 Louis: True! Hahahahah
 Archie: Just like in this pic
 Archie: <file_photo>
 Louis: Lol! It's her!
 Archie: By the way, she was way hotter when she had cury hair
 Louis: I disagree, sir! She looks absolutely gorgeous with straight hair
 Archie: Oh well, you have the right to an opinion even if it's wrong XD",33.33,9.09,16.67,74.65,2.720822811,4.249730110,4.004817963,2.786942720,0.629630
mBART-large,95,OMIT,,"The missed train is correct, but the next train's one-hour timing and the 80-euro return fare are omitted.",琳达没赶上火车，下一班一小时后就到了。返回阿姆斯特丹的费用是80欧元。,琳达错过了去阿姆斯特丹的火车。,"Linda: I missed the train
 Joseph: When is the next one?
 Linda: In one hour
 Darcy: Not a tragedy
 Linda: It was 80 euros
 Linda: Return to Amsterdam
 Linda: I was shocked!!",35.71,7.69,28.57,75.94,1.982746840,4.305513859,4.224944592,2.228394032,0.428571
mBART-large,96,H-EVT|H-ROLE|H-CIRC|OMIT,,"It invents hospitalization, assigns vaccination to the measles patient, says Joanna will vaccinate her, and omits the actual contact-vaccination schedule and location.",莱万多夫斯卡得了麻疹。从17号到19号，所有和她接触过的人都在主楼接种疫苗。,"卢旺多娃得了麻疹住院了,她必须接受疫苗接种。乔安娜的论文导师是卢旺多娃,她从上学期起就没见过她。乔安娜将在18号工作前去接种她。","Joanna: They are sending emails about Lewandowska.
 Merve: What happened?
 Joanna: <file_photo> 
 Merve: Wooow!
 Joanna: She is hospitalized because she has measles.
 Merve: She had what?
 Joanna: Anyone who had contact with her within the last couple of days must get vaccinated.
 Merve: Luckily I didn't see her since the last semester...
 Joanna: I did, she is my thesis mentor :(
 Merve: What will you do?
 Joanna: They are organizing vaccinations in the main building from 17th until 19th.
 Merve: You have to go!
 Joanna: I know... And I just started working so I really don't have a lot of time.
 Merve: Come on, this is really important.
 Joanna: I will try to do it before work on 18th, hopefully I won't lose the entire day...",34.78,2.99,23.19,71.1,2.904722691,3.722508430,3.692690372,2.528318882,1.684211
mBART-large,97,NO-ERROR,,Carl waiting for Meg because she cannot find her keys is accurately summarized.,卡尔在等梅格，她找不到钥匙，要迟到了。,"卡尔还在等梅格,梅格的钥匙丢了。","Carl: Where are u?
 Carl: I'm still waiting for u!!!
 Meg: I need 5 minutes more, I've lost my key somewhere :(",58.33,27.27,58.33,81.37,2.925746441,3.838532686,3.855739832,2.998003006,0.842105
mBART-large,98,NO-ERROR,,Maria being tired of her job is accurately summarized.,玛丽亚厌倦了她的工作。,玛丽亚厌倦了她的工作。,"Maria: I'm tired of this job, I can't stand it anymore
 Anastasia: I know, but calm down
 Felix: don't make decisions in this rash
 Maria: :(",100.0,100.0,100.0,100.0,4.438994884,4.920022011,4.935901642,4.737812519,1.000000
mBART-large,99,H-DISC,,"It incorrectly presents the rocks as Eric's reason that mid tide is best, although he argues that visible rocks are a danger.",卢克明天下午2点22分要去冲浪。,"卢克今天开始冲浪了。他明天下午2点22分去那里。埃里克认为在潮汐中的时候最好,因为那里有岩石。","Luke: wow I got my ass kicked surfing today. 0 waves, 3 wipeouts and 1 surfboard to the head! (can't wait to go back though :D)
 Ken: Yaaaay welcome to the tumble dry club - some days is great others just a knock about
 Summer: I almost lost my tooth one time ;) Hopefully next time is better!
 Luke: low tide is 2:22PM tomorrow. I'll be out there
 Eric: I thought mid tide is generally the best ?
 Luke: Oh yeah? Yesterday was low tide. I thought that's best cuz you can see the rocks
 Eric: Seeing rocks is a bad thing. I mean, you want to be aware of where they are for sure. But rocks in your vision = no bueno
 Luke: well I'd rather seem than** run into them. When the tide is out you're not surfing over the rocks",37.84,22.86,32.43,78.52,3.331304550,4.408676147,4.223207474,3.244908333,2.937500